date,site,precip_tot,spi,spei
1987-10-01,colosso_clust,52.24264223119047,NA,NA
1987-11-01,colosso_clust,31.55,NA,NA
1987-12-01,colosso_clust,166.5408817369231,-1.5178637554818228,-1.7128247741341618
1988-01-01,colosso_clust,317.16261847125116,-0.634940324441135,-0.8557369821480226
1988-02-01,colosso_clust,246.46628018695077,-0.1305790505210681,-0.20541324081158263
1988-03-01,colosso_clust,180.36980032735656,-0.7182454526942108,-0.8576344944654393
1988-04-01,colosso_clust,299.9607871954774,-1.4252131241523391,-1.5065834811475023
1988-05-01,colosso_clust,582.4586726567379,0.06679662317895971,-0.19134607902462147
1988-06-01,colosso_clust,210.08333333333331,0.876315515869822,0.9557107702718695
1988-07-01,colosso_clust,131.7112879069877,1.128654200923255,1.2354910155357777
1988-08-01,colosso_clust,73.68848473749286,-0.48734302009715724,-0.5081562124102991
1988-09-01,colosso_clust,100.29628196221934,-0.6757105858612459,-0.717202189215358
1988-10-01,colosso_clust,266.83478283110503,0.3648347186234041,0.25376990742403466
1988-11-01,colosso_clust,426.7535081475551,1.7513570090083155,1.8582542958227746
1988-12-01,colosso_clust,463.1650429539751,2.2348716326992277,2.10234245555759
1989-01-01,colosso_clust,190.35827719140937,1.6043759467108498,1.551302224326648
1989-02-01,colosso_clust,281.2522258227375,0.7250800570568229,0.7716038781227076
1989-03-01,colosso_clust,328.86668593025837,-0.4603780949527186,-0.46831736670072577
1989-04-01,colosso_clust,355.51204951480247,-0.1100726190078432,-0.15140115706190818
1989-05-01,colosso_clust,625.298210232494,1.1612435300086401,1.3219112600194058
1989-06-01,colosso_clust,256.35781805627573,1.3868609467733157,1.4429376041398432
1989-07-01,colosso_clust,156.9299159257476,1.551222650921548,1.6298138086627696
1989-08-01,colosso_clust,84.82544497121825,0.13524456153012718,0.07270657420009671
1989-09-01,colosso_clust,65.76936152117011,-0.6589320464469062,-0.8500288618858916
1989-10-01,colosso_clust,178.53336894481828,-0.441407949278649,-0.7096282814761843
1989-11-01,colosso_clust,162.6955759735381,-0.17106877884889898,-0.3337877070148768
1989-12-01,colosso_clust,177.82167862059873,0.04083376288320828,0.036940420083213674
1990-01-01,colosso_clust,266.11791297134295,-0.22318743351450973,-0.1754995845648884
1990-02-01,colosso_clust,212.82810606404396,-0.5504242903215115,-0.5249512363968514
1990-03-01,colosso_clust,393.04802247176053,-0.1774435264694937,-0.1273650144264921
1990-04-01,colosso_clust,444.6716140478492,0.24501834661361113,0.2703682039013466
1990-05-01,colosso_clust,341.0921835551202,0.583965913607649,0.46741557450273413
1990-06-01,colosso_clust,147.69516456218403,0.17864301038535,0.029369110482741063
1990-07-01,colosso_clust,254.7425094320769,0.259753240063544,0.15655195795753263
1990-08-01,colosso_clust,154.01553880289111,0.5484907888149876,0.6306923776447769
1990-09-01,colosso_clust,110.19652256454052,0.7467481518566885,0.8536404951591867
1990-10-01,colosso_clust,88.33713882578539,-0.25702271553281675,-0.40205090986284575
1990-11-01,colosso_clust,183.5240176051,-0.33503629870966956,-0.5777095617603532
1990-12-01,colosso_clust,327.26712631538356,0.3568590206613221,0.28262748191992
1991-01-01,colosso_clust,259.40690297643664,0.46876935622267263,0.48810708217796983
1991-02-01,colosso_clust,211.89789928125833,0.15205844974180216,0.2075873047840457
1991-03-01,colosso_clust,460.64698170883446,0.1135311079586669,0.20551124175774083
1991-04-01,colosso_clust,301.594590129762,-0.06886373937885128,-0.06578123519809398
1991-05-01,colosso_clust,334.16801842807405,0.2172059798636033,0.12225305192091285
1991-06-01,colosso_clust,206.5450535366362,-0.23176028751752925,-0.34766183057165473
1991-07-01,colosso_clust,199.6404451085271,0.2484325576380175,0.21602470787410458
1991-08-01,colosso_clust,142.51875892409768,0.42234281139741564,0.5390808640301633
1991-09-01,colosso_clust,114.02452730230851,0.3531040879571189,0.5995296446612366
1991-10-01,colosso_clust,117.21403064344436,-0.11568216492011948,0.041712395861446365
1991-11-01,colosso_clust,63.53945017682894,-0.9618512904060469,-0.9521663347578331
1991-12-01,colosso_clust,107.64192799543403,-1.2468894043061842,-1.205331936878531
1992-01-01,colosso_clust,125.36692814635667,-2.024814403891584,-1.8544759451773534
1992-02-01,colosso_clust,238.43463890016253,-1.5121980903157488,-1.4729781665215134
1992-03-01,colosso_clust,265.0413253132631,-1.3338096291023802,-1.3386232437222787
1992-04-01,colosso_clust,211.58741693293632,-1.5071502443045977,-1.4487989279424205
1992-05-01,colosso_clust,120.09464996667683,-2.6376597346977095,-1.9036249345301695
1992-06-01,colosso_clust,68.60872465129768,-2.9354578420822715,-2.224703124286005
1992-07-01,colosso_clust,110.42542592004969,-2.7035997979596385,-2.0426930253726816
1992-08-01,colosso_clust,162.18921595194755,-1.128630826527773,-1.0311355399346407
1992-09-01,colosso_clust,73.84811627362078,-0.3654193642555787,-0.04497694476277927
1992-10-01,colosso_clust,83.80487295122181,-0.5212740842011492,-0.1567507280159183
1992-11-01,colosso_clust,85.40163842978784,-1.4198537943203131,-0.9734181778322533
1992-12-01,colosso_clust,239.3116822960292,-0.5133321811556398,-0.21140178791319372
1993-01-01,colosso_clust,368.342788456063,0.16456234321917215,0.3882151144985376
1993-02-01,colosso_clust,334.6294830284314,0.7121642309335159,0.896446019730579
1993-03-01,colosso_clust,363.1563899855675,0.5915977646894575,0.7255425436684271
1993-04-01,colosso_clust,287.95132594395244,-0.10019848590538662,0.024291284619401964
1993-05-01,colosso_clust,224.49767005300657,-0.9473310686738348,-0.8658827915694144
1993-06-01,colosso_clust,187.32211875099807,-1.01251320967695,-0.9991755522827107
1993-07-01,colosso_clust,118.54906959355718,-0.9344504104587977,-1.0026396764806225
1993-08-01,colosso_clust,92.10429909419747,-0.7417153220271041,-0.6521199927027317
1993-09-01,colosso_clust,122.19261763673052,-0.4724159512404791,-0.29799337637990386
1993-10-01,colosso_clust,192.00272474991723,0.10892571792327588,0.3088652664788357
1993-11-01,colosso_clust,171.95108845968588,0.2753523458522792,0.5122176986721757
1993-12-01,colosso_clust,178.73593024721373,0.14063687117761375,0.40223985282698954
1994-01-01,colosso_clust,270.1726263167119,-0.12999540410974403,0.1211100102332356
1994-02-01,colosso_clust,265.55936898350996,-0.22541007360598234,0.023381088945221593
1994-03-01,colosso_clust,291.20870844375133,-0.3493013599884038,-0.09890221506682562
1994-04-01,colosso_clust,376.63859653218327,-0.2743540020170531,-0.12321918221483424
1994-05-01,colosso_clust,258.78283466289514,-0.61151820617328,-0.702215153869585
1994-06-01,colosso_clust,197.8139113877257,-0.2705109420233951,-0.29279567578771604
1994-07-01,colosso_clust,128.23842266657815,-0.5917030102266422,-0.60209112247254
1994-08-01,colosso_clust,140.17934472646732,-0.08720180436464654,0.05284383229125135
1994-09-01,colosso_clust,165.37969445690928,0.2580873881225316,0.43788840106921784
1994-10-01,colosso_clust,132.8481296064078,0.3095887817986334,0.46199158619849345
1994-11-01,colosso_clust,137.2379440886292,-0.0148706443740114,0.0620413922120164
1994-12-01,colosso_clust,179.29887803903898,-0.2948897123646975,-0.22229325914475215
1995-01-01,colosso_clust,164.79496495318986,-0.8082625254779551,-0.8139381419046384
1995-02-01,colosso_clust,138.3352745888968,-1.4139388677296474,-1.5162035838212042
1995-03-01,colosso_clust,383.30765303546383,-1.006961385710249,-1.0658183463475788
1995-04-01,colosso_clust,343.0312421728805,-0.623382660845883,-0.6807963607544821
1995-05-01,colosso_clust,280.97703434925563,-0.2095683158509115,-0.3531020334092513
1995-06-01,colosso_clust,185.69683436645647,-0.4129182224418636,-0.41885143409496156
1995-07-01,colosso_clust,167.7816574412488,-0.29900541082364607,-0.3451895829949103
1995-08-01,colosso_clust,90.0208393899368,-0.28135878633402783,-0.31321209779079895
1995-09-01,colosso_clust,94.53554540081254,-0.3346095066274964,-0.2836559463823633
1995-10-01,colosso_clust,152.92145149029932,-0.38109664067088483,-0.2880392082982992
1995-11-01,colosso_clust,257.66679671620096,0.397845289419741,0.6100998545786563
1995-12-01,colosso_clust,176.22354953679232,0.33881037788995233,0.5477661433887491
1996-01-01,colosso_clust,367.9575340300559,0.6248783210838781,0.8351488448203895
1996-02-01,colosso_clust,253.5212725303487,0.14173469381233103,0.29721493706408975
1996-03-01,colosso_clust,372.21318738166417,0.3570050150552804,0.4728424909329573
1996-04-01,colosso_clust,396.3199473563226,0.16599248802541572,0.2278322257321833
1996-05-01,colosso_clust,245.63414510830734,-0.16788620083710218,-0.30435104308770183
1996-06-01,colosso_clust,193.58104035919573,-0.2575994030751853,-0.3413252769771042
1996-07-01,colosso_clust,166.34510804849455,-0.4677377818082626,-0.5219541585888097
1996-08-01,colosso_clust,179.16189472034287,0.4628545894899361,0.5575230200242678
1996-09-01,colosso_clust,123.83521119807205,0.5008610279713419,0.7253219819406419
1996-10-01,colosso_clust,242.78544780476932,0.953424754096399,1.105395579361179
1996-11-01,colosso_clust,152.6877987976869,0.4422216533838559,0.5438569886320888
1996-12-01,colosso_clust,142.01534824663665,0.10613914530319032,0.20891261598537153
1997-01-01,colosso_clust,167.58846759895994,-0.9228334807936843,-0.8639916074454983
1997-02-01,colosso_clust,259.2955739833342,-0.9244205874523969,-0.8963347538381694
1997-03-01,colosso_clust,452.57597423498606,-0.12186428363273634,-0.011422140285040606
1997-04-01,colosso_clust,260.427132222894,-0.09222703025236442,-0.058205280518203506
1997-05-01,colosso_clust,344.1948365627318,0.028082878149184056,-0.13114986094444625
1997-06-01,colosso_clust,79.47341620902851,-1.0487335990521942,-1.1703100949673864
1997-07-01,colosso_clust,54.648187576769985,-1.2540626609296393,-1.3989633262284815
1997-08-01,colosso_clust,93.53575167783234,-2.393538820478299,-2.2757174512669613
1997-09-01,colosso_clust,73.6470502954248,-1.4705863241257549,-1.8153355203513504
1997-10-01,colosso_clust,37.99525925875868,-1.5745816321645025,-1.4323561740681081
1997-11-01,colosso_clust,163.24909230958002,-1.1284920576628181,-1.0747154461583446
1997-12-01,colosso_clust,134.43680079001126,-0.9324186365603807,-0.9296889914594333
1998-01-01,colosso_clust,259.26305422328625,-0.4324525420758717,-0.37411465139186306
1998-02-01,colosso_clust,201.51863016285665,-0.8059554874264976,-0.8775754740150555
1998-03-01,colosso_clust,161.79140641322124,-1.3765325064001963,-1.3519683259887216
1998-04-01,colosso_clust,301.60713547591985,-1.8191348613750564,-1.6503630929176183
1998-05-01,colosso_clust,210.80304617630165,-2.1154284532879157,-1.6244341973915297
1998-06-01,colosso_clust,253.9411222776581,-0.6265034015011183,-0.5612295237980316
1998-07-01,colosso_clust,143.97436172236922,-0.43824249403843357,-0.44574449851741466
1998-08-01,colosso_clust,77.89400499135994,-0.04284164313939607,0.004538282996118961
1998-09-01,colosso_clust,120.99806742422909,-0.42159681379906194,-0.30852638025601486
1998-10-01,colosso_clust,263.2200860423457,0.45635563400291373,0.45171693376626226
1998-11-01,colosso_clust,122.9956893466805,0.40162703018553325,0.44714549483588123
1998-12-01,colosso_clust,165.8759038203116,0.18364011432826277,0.17661760515315678
1999-01-01,colosso_clust,361.86672777732423,0.0035797098919262095,0.05162403668465272
1999-02-01,colosso_clust,215.35828411933383,-0.09897408297940424,-0.08158057065970076
1999-03-01,colosso_clust,380.4772650882909,0.1961302071175772,0.2979331617470214
1999-04-01,colosso_clust,433.89832850167085,0.16705401788940288,0.1959413685831652
1999-05-01,colosso_clust,429.52891925669513,0.8539299507823337,0.9157779153048203
1999-06-01,colosso_clust,235.79281030822253,0.8693788698898108,0.9359763245179183
1999-07-01,colosso_clust,129.54180062176843,0.5257793687739526,0.5745143533090082
1999-08-01,colosso_clust,161.7592733487793,0.3510787578279449,0.4538811178881209
1999-09-01,colosso_clust,284.85253588689324,1.08433518066443,1.209376683786311
1999-10-01,colosso_clust,180.7209586876519,1.3716654622730797,1.5153107259453382
1999-11-01,colosso_clust,144.91662514790735,0.871082209251232,0.9913160860241798
1999-12-01,colosso_clust,343.85711455259064,0.6662086013380889,0.7309500884031906
2000-01-01,colosso_clust,399.13045744173996,0.9237493171715526,0.9683626977101534
2000-02-01,colosso_clust,348.4366736274992,1.2523865226436872,1.2887521504916892
2000-03-01,colosso_clust,392.60654769288743,0.916531682434915,1.0245636081432716
2000-04-01,colosso_clust,350.0081809280059,0.5025476682242359,0.6793198705029344
2000-05-01,colosso_clust,316.97685189334834,0.04156109790708583,0.0065554528606791744
2000-06-01,colosso_clust,198.26868282849892,-0.12900592569677025,-0.15013509681523493
2000-07-01,colosso_clust,182.32288267844237,0.03377808799701052,0.012790056587985233
2000-08-01,colosso_clust,85.93032227387421,-0.10358257033350345,-0.06484200931596633
2000-09-01,colosso_clust,93.81182032710177,-0.2410804793641044,-0.10943945013083149
2000-10-01,colosso_clust,102.69227146091075,-0.8264686825356281,-0.8762359797901569
2000-11-01,colosso_clust,178.3317040954159,-0.381756364729196,-0.579475243267544
2000-12-01,colosso_clust,181.8276080859256,-0.23433326911532212,-0.39228602577465244
2001-01-01,colosso_clust,405.6154849601944,0.4683813666676918,0.5150030927821587
2001-02-01,colosso_clust,212.3460920368261,0.15921920063247824,0.24702780054675874
2001-03-01,colosso_clust,441.6554439286649,0.6121171026740971,0.691486706117296
2001-04-01,colosso_clust,438.6113453362013,0.4790811960987891,0.4313748662179388
2001-05-01,colosso_clust,192.5258419356399,0.12216768078875785,-0.12266770073711061
2001-06-01,colosso_clust,321.5731219422535,0.3005841073108347,0.3090035818627634
2001-07-01,colosso_clust,185.90226982687074,0.05102800972406479,0.031947603298503296
2001-08-01,colosso_clust,86.10754343891489,0.7798798380016724,0.8468185398212223
2001-09-01,colosso_clust,147.57122871506928,0.1564519361239833,0.0919125347054565
2001-10-01,colosso_clust,122.40242486749386,-0.21355954462580576,-0.5418670939699336
2001-11-01,colosso_clust,154.94283565208008,-0.05712404693132418,-0.36674316103283183
2001-12-01,colosso_clust,235.9889048877708,0.02391595521073292,-0.10595915895385795
2002-01-01,colosso_clust,171.2562456010111,-0.40682031219839593,-0.47282831120698854
2002-02-01,colosso_clust,547.9648982590832,0.7832845095281153,0.8484572710462216
2002-03-01,colosso_clust,358.13555339464654,0.692098622110298,0.6915630593249599
2002-04-01,colosso_clust,419.47694389495484,1.5119278801291685,1.475730422752366
2002-05-01,colosso_clust,443.258643273177,0.7813167690312449,0.7090018731644395
2002-06-01,colosso_clust,314.40051128113066,1.2065698568972134,1.2797300072153897
2002-07-01,colosso_clust,160.62666091667285,1.100581172064533,1.1362310682885541
2002-08-01,colosso_clust,92.14402730586976,0.6110808931311859,0.5376087120816363
2002-09-01,colosso_clust,125.30837198138622,-0.1260239095523973,-0.2842843594489854
2002-10-01,colosso_clust,258.0067668936834,0.5085823291351612,0.32756186718473723
2002-11-01,colosso_clust,205.4069120721849,0.7938236260395894,0.6184327983284831
2002-12-01,colosso_clust,345.14511791465526,1.1056051739924584,1.087764101231201
2003-01-01,colosso_clust,125.4958186098194,0.1063400351439842,-4.564570365520278e-4
2003-02-01,colosso_clust,228.38737432053176,-0.2678995289492634,-0.4107098021059027
2003-03-01,colosso_clust,383.62811112078765,-0.7624883751165236,-0.9781556502506337
2003-04-01,colosso_clust,368.0695116959543,-0.042267953785769814,-0.17292068898099622
2003-05-01,colosso_clust,390.22372795977657,0.4199332910186833,0.25299753482604453
2003-06-01,colosso_clust,194.99364684979895,0.2854711068735976,0.19854903453846987
2003-07-01,colosso_clust,189.8797954889841,0.4353861764154281,0.3913651727724933
2003-08-01,colosso_clust,192.66838822290538,0.6760253669493719,0.6834235441595233
2003-09-01,colosso_clust,235.69306068522332,1.3150816174778697,1.292386089284689
2003-10-01,colosso_clust,121.98369066037546,1.0074198928293527,0.9758835491759
2003-11-01,colosso_clust,144.62642360248063,0.3877894885195749,0.2422513561988518
2003-12-01,colosso_clust,127.5511623725998,-0.586161073326753,-0.8015860918287138
2004-01-01,colosso_clust,238.95481258645913,-0.6726879238000641,-0.8478928840489619
2004-02-01,colosso_clust,320.5768369884846,-0.3548005975308237,-0.46963690254920126
2004-03-01,colosso_clust,530.7221433292605,0.7281045165765012,0.7577592409640554
2004-04-01,colosso_clust,226.47219405441848,0.4136995203141463,0.38728229991701235
2004-05-01,colosso_clust,367.7047796585981,0.37224678478730777,0.3295584200368713
2004-06-01,colosso_clust,145.14537415194286,-0.7253712969322975,-0.8413396509790305
2004-07-01,colosso_clust,146.5163956010824,-0.15569670073211475,-0.2955610030015406
2004-08-01,colosso_clust,114.25866286485166,-0.5518662641104566,-0.6309532990816175
2004-09-01,colosso_clust,160.72558311962163,0.18455207717910796,0.29267697815968
2004-10-01,colosso_clust,212.21262031572977,0.6124155151747762,0.5863033672689948
2004-11-01,colosso_clust,70.090544486669,0.02849137244055918,-0.14462731598142256
2004-12-01,colosso_clust,192.44112667427544,-0.18272094372952757,-0.31748672639925996
2005-01-01,colosso_clust,302.08030343667053,-0.4022653662262012,-0.602983537874689
2005-02-01,colosso_clust,292.2243440408567,0.10902840803498084,0.02749432964454767
2005-03-01,colosso_clust,469.90853227165337,0.6364571192764128,0.6038868690383009
2005-04-01,colosso_clust,469.86675274894907,1.0863910391298042,1.1075082492993236
2005-05-01,colosso_clust,275.72462594160686,0.7271587334659432,0.6573947025936986
2005-06-01,colosso_clust,143.57345242565052,-0.05652446238826048,-0.24294834639963828
2005-07-01,colosso_clust,152.99293583321662,-0.6705027329556306,-0.8483847964453944
2005-08-01,colosso_clust,75.0384894310497,-0.8926497144007522,-1.081220432707386
2005-09-01,colosso_clust,71.33439182485802,-0.7522100900941935,-0.8980902826430888
2005-10-01,colosso_clust,118.74923714656911,-0.9692171034613613,-1.1340789426591493
2005-11-01,colosso_clust,127.85059801243585,-0.8016065897537642,-0.9454163410354142
2005-12-01,colosso_clust,246.5961721645531,-0.13064811620439265,-0.1634674082200249
2006-01-01,colosso_clust,329.81373028832434,0.18667004019088212,0.21158349405931046
2006-02-01,colosso_clust,299.58972333745203,0.45772499280594087,0.5017914095642686
2006-03-01,colosso_clust,246.1957451854538,-0.1416428825689691,-0.22166047405259132
2006-04-01,colosso_clust,415.38946957406165,-0.13488441815780614,-0.20530454037385407
2006-05-01,colosso_clust,399.0466471607292,-0.006929566524476616,-0.10713083896770689
2006-06-01,colosso_clust,218.3103089234178,0.5621761148057415,0.469583625837913
2006-07-01,colosso_clust,148.6854723505329,0.3713877666445382,0.257264625541845
2006-08-01,colosso_clust,93.97083646334356,-0.09964786510889687,-0.37743599038225845
2006-09-01,colosso_clust,162.1884682178075,0.04631733753541404,-0.15114577849298239
2006-10-01,colosso_clust,173.85132480634974,0.17149953316642505,-0.12652373968763017
2006-11-01,colosso_clust,358.56730429381935,1.2238069655907586,1.026092038179208
2006-12-01,colosso_clust,238.4011308608207,0.9787718004763072,0.8459058371706498
2007-01-01,colosso_clust,222.2245661010481,0.6627229438031164,0.6495413232721278
2007-02-01,colosso_clust,128.77158578591386,-0.8340709430802203,-1.0115513845265744
2007-03-01,colosso_clust,342.9490983862896,-0.9842730267040366,-1.0958546662008406
2007-04-01,colosso_clust,470.3602099816216,-0.2736540709316927,-0.478037946748053
2007-05-01,colosso_clust,376.16460454061735,0.6019746716218584,0.5054870661173577
2007-06-01,colosso_clust,190.8104054815378,0.6015154178279019,0.4836429009916951
2007-07-01,colosso_clust,354.34241705725293,1.0935659231456287,1.0614573302497783
2007-08-01,colosso_clust,305.06639130065275,2.204177337537854,2.0042392381419427
2007-09-01,colosso_clust,224.52745715379078,2.474476783262596,2.0356738601350464
2007-10-01,colosso_clust,206.90821184087653,1.822813844954007,1.7749520294035595
2007-11-01,colosso_clust,241.99940588281567,1.1043987340253112,1.041095805129948
2007-12-01,colosso_clust,273.59743350442807,0.8596842135097846,0.8147078844720764
2008-01-01,colosso_clust,435.4304132351953,1.129298006754184,1.120016512934337
2008-02-01,colosso_clust,467.1870609438316,1.5328287838061354,1.4979795102923674
2008-03-01,colosso_clust,463.5883785634055,1.6223342217287358,1.4986543812752848
2008-04-01,colosso_clust,434.73350579209995,1.6038483687860892,1.5129521510182085
2008-05-01,colosso_clust,436.1936001004067,1.1953235606078458,1.3210001729940897
2008-06-01,colosso_clust,348.2457067182866,1.309147192336402,1.385294995099434
2008-07-01,colosso_clust,152.7021911044614,1.1445698737867918,1.2060000666699286
2008-08-01,colosso_clust,144.1065929033908,1.1236539549733875,1.1591452620871394
2008-09-01,colosso_clust,137.2780852066243,0.2642080704473656,0.3689719153974776
2008-10-01,colosso_clust,173.3808470084814,0.44979163644674464,0.5257564790636866
2008-11-01,colosso_clust,237.3533256551559,0.6075201122014027,0.7607984283970511
2008-12-01,colosso_clust,281.12439134827594,0.736004485437715,0.8897402832195731
2009-01-01,colosso_clust,602.2068059140969,1.6671059487494821,1.6248161775134378
2009-02-01,colosso_clust,366.1472956104542,1.7678375867139617,1.6650103901864042
2009-03-01,colosso_clust,464.23296187992526,1.876563753266545,1.76611710125318
2009-04-01,colosso_clust,341.4273866387572,0.8344536324370132,0.8860012762507189
2009-05-01,colosso_clust,350.78740117789107,0.48508787377295176,0.5167184743077351
2009-06-01,colosso_clust,260.86845337435574,0.2853831805194075,0.3150105698786657
2009-07-01,colosso_clust,93.3753544493961,0.08082200694638385,0.05053200614761899
2009-08-01,colosso_clust,66.32553949377021,-0.41931900754988227,-0.5169848544318176
2009-09-01,colosso_clust,55.805061822090245,-1.568894644742321,-1.786376338359543
2009-10-01,colosso_clust,45.56005096118298,-2.04715779893881,-1.8643038991966527
2009-11-01,colosso_clust,44.20561251580147,-2.4871987671746316,-2.0599641935502038
2009-12-01,colosso_clust,108.00234313808468,-1.992591268585937,-1.8690585334690304
2010-01-01,colosso_clust,275.1012638520813,-1.164354697373564,-1.330764325361365
2010-02-01,colosso_clust,278.39066731002475,-0.47139006913623444,-0.4702365870658873
2010-03-01,colosso_clust,190.95468136462313,-0.7669248051843816,-0.9013764705142061
2010-04-01,colosso_clust,426.4918583044289,-0.49716754153681975,-0.5879391980474384
2010-05-01,colosso_clust,222.62441844937047,-1.11088260938459,-1.0470739105595153
2010-06-01,colosso_clust,202.59601773690318,-0.22338572556060607,-0.21763234523721167
2010-07-01,colosso_clust,177.75545868093357,-0.5268314899877794,-0.4785757689169864
2010-08-01,colosso_clust,105.32910925305076,-0.04962472506037441,0.017525653465378637
2010-09-01,colosso_clust,99.45182107688784,-0.15554881424416567,-0.1441169567959962
2010-10-01,colosso_clust,108.12783780241338,-0.639834371543594,-0.7042528981657162
2010-11-01,colosso_clust,153.96845817982967,-0.5790735132313273,-0.6437945949492384
1987-10-01,dimona,89.5142063010027,NA,NA
1987-11-01,dimona,40.210220462660004,NA,NA
1987-12-01,dimona,123.38232912331992,-1.4862605145213534,-1.673173269154365
1988-01-01,dimona,330.33057556230006,-0.8264519093439308,-1.0625422431817355
1988-02-01,dimona,351.7081604466323,0.15022621622951488,0.0030541055939117185
1988-03-01,dimona,242.94393123954106,0.2633195239960643,0.08460486717804612
1988-04-01,dimona,348.683002281401,-0.04939196345583585,-0.1587221461308362
1988-05-01,dimona,484.54358264450684,0.3950339954706147,0.3658053966005206
1988-06-01,dimona,213.86553677066516,0.9295060467170151,0.962178411291706
1988-07-01,dimona,208.9687796082843,1.4393075071338517,1.4460275466638886
1988-08-01,dimona,47.78246527424561,-0.04228909271536775,-0.00947597416343697
1988-09-01,dimona,113.22265313355805,-0.24319658894981983,-0.26982486694992064
1988-10-01,dimona,213.27528484498518,-0.19996168905913408,-0.30980355413569244
1988-11-01,dimona,358.9253228544792,1.0185732499414724,1.017501297727785
1988-12-01,dimona,420.1414455123987,1.3561579637286474,1.3879241110934928
1989-01-01,dimona,262.6862389358049,1.2464284213855992,1.256981962097566
1989-02-01,dimona,353.5,1.25012898997575,1.2654491399142507
1989-03-01,dimona,281.17503268504663,0.08787349458477253,0.0144367026200287
1989-04-01,dimona,333.11925184007976,0.043208863200351416,0.015875797146765958
1989-05-01,dimona,483.11048094910586,0.47889987875857076,0.5088603627894076
1989-06-01,dimona,228.11280947204608,0.8902966029726294,0.9295546975175415
1989-07-01,dimona,140.65697822245875,1.1198092575703391,1.161023958979015
1989-08-01,dimona,108.88246601643613,0.02619925255124616,-0.008010695713751275
1989-09-01,dimona,96.80540324218506,-0.4507926503831524,-0.629748676461261
1989-10-01,dimona,226.19998344820337,0.21657627185870348,-0.015602739427129428
1989-11-01,dimona,221.88760009582143,0.4054987979373502,0.3476688056233195
1989-12-01,dimona,181.23289489633206,0.29090967982353905,0.33484292734870597
1990-01-01,dimona,275.4658517673929,0.0033264154828656655,0.06679349681382417
1990-02-01,dimona,253.34571324959265,-0.32070481196364775,-0.3267351536572431
1990-03-01,dimona,386.254650008339,0.21793978775447018,0.19675887518946208
1990-04-01,dimona,283.8904118235209,-0.1655316295613595,-0.16218788728625055
1990-05-01,dimona,248.6837670734683,-0.34670706427196796,-0.440835321145931
1990-06-01,dimona,156.16373218011944,-0.8422445606594182,-0.9781496410554722
1990-07-01,dimona,172.2544615471416,-0.511165945440786,-0.5606756977826349
1990-08-01,dimona,104.57968419827878,-0.3860280299727584,-0.368989041332066
1990-09-01,dimona,68.9143603149568,-0.4905178107658307,-0.3999122837518388
1990-10-01,dimona,72.78524161612455,-1.2842128474318133,-1.2502289547921643
1990-11-01,dimona,250.82256488979758,-0.42764181140667135,-0.655515243783337
1990-12-01,dimona,327.3755696600788,0.3595779460898277,0.32788288334068844
1991-01-01,dimona,328.79756418044593,0.8280878176255394,0.8809986656861266
1991-02-01,dimona,177.61314915809038,0.29709834530563123,0.286943537314214
1991-03-01,dimona,469.38497755654794,0.47627457868740547,0.5066119956011084
1991-04-01,dimona,349.32843012717785,0.24271064907136544,0.26359150639515305
1991-05-01,dimona,397.9445579718291,1.051384622946007,1.124756453945539
1991-06-01,dimona,225.4863045946722,0.6013797442039559,0.6127343490613694
1991-07-01,dimona,187.19579480158995,0.8951578749321217,0.9435669301814384
1991-08-01,dimona,166.68877717223833,0.8043707702654405,0.9523709776828321
1991-09-01,dimona,73.09516711729107,0.2458790523658334,0.5123914085346057
1991-10-01,dimona,121.570294128506,-0.2875371597080279,-0.10973457209566208
1991-11-01,dimona,29.49683935068063,-1.678530200004746,-1.4444853451594828
1991-12-01,dimona,115.11154609476218,-1.4087969336306916,-1.3260329843898053
1992-01-01,dimona,162.58346356143704,-1.9131184674938708,-1.8247871590698403
1992-02-01,dimona,201.49298311461928,-1.7730355261336341,-1.5321220125077721
1992-03-01,dimona,330.7685085781392,-0.9338457306694278,-0.9486070282814556
1992-04-01,dimona,274.7719107078006,-0.7224141487571509,-0.7598007416672902
1992-05-01,dimona,170.04065858558354,-1.0932958098442491,-1.1888499205642296
1992-06-01,dimona,123.2611469298236,-1.5589121455810449,-1.627114362406261
1992-07-01,dimona,138.94218604077878,-1.5663501275654745,-1.5657171210674135
1992-08-01,dimona,190.88519636827905,-0.2482131170937489,-0.125691560138383
1992-09-01,dimona,140.17797832736798,0.5014600253022082,0.7168577477288572
1992-10-01,dimona,129.9447439588944,0.3780027864417308,0.6913334072856252
1992-11-01,dimona,145.0988521814525,-0.30728037950337767,-0.035737680567702636
1992-12-01,dimona,325.53441736504146,0.17640239724271095,0.44880731542324587
1993-01-01,dimona,343.8181911492009,0.48861136962151874,0.7026264201869533
1993-02-01,dimona,269.32779270869383,0.7951344093076358,0.9958252429484077
1993-03-01,dimona,334.4517060311445,0.3553455163809042,0.47141271732505774
1993-04-01,dimona,322.0522877549979,-0.1381927008109605,-0.0018212571876136405
1993-05-01,dimona,223.5067672736395,-0.5617195465924835,-0.5183943794299314
1993-06-01,dimona,182.95809456998026,-0.6580982432626362,-0.6418139769278124
1993-07-01,dimona,103.01015250378107,-0.99583534719468,-1.0009028242730478
1993-08-01,dimona,94.79130063945779,-0.8667751107122006,-0.774250611599785
1993-09-01,dimona,94.53007935723082,-0.9920178952078444,-0.7784673801619617
1993-10-01,dimona,115.39114228205281,-0.7643812871038336,-0.4663521397026955
1993-11-01,dimona,99.67771948969227,-0.9789768906670383,-0.6611658151747191
1993-12-01,dimona,99.38262180217832,-1.1022016273205977,-0.8332425211074169
1994-01-01,dimona,330.25841239191254,-0.6503067246996936,-0.42219544090542155
1994-02-01,dimona,306.6111457497451,-0.18968097845797233,0.03072931320179987
1994-03-01,dimona,351.6238089267608,0.5178930035083639,0.7507504633595867
1994-04-01,dimona,362.0957486061126,0.3422533249160283,0.5331126009768712
1994-05-01,dimona,348.18800182396234,0.3629204338295901,0.43146787868773223
1994-06-01,dimona,186.32004515204852,0.32570486047668784,0.3787946340033638
1994-07-01,dimona,185.02902255966393,0.41267035897981486,0.4652257211450222
1994-08-01,dimona,210.8982265617642,0.8006830881039834,0.9405540813430228
1994-09-01,dimona,206.14936011678088,1.4400781987634683,1.4458438050517954
1994-10-01,dimona,195.31904657574665,1.3149773165254288,1.435737893946438
1994-11-01,dimona,266.8545756193476,0.9726407480891401,1.1382090280919877
1994-12-01,dimona,410.64993074702477,1.0212425331558836,1.1217533512593618
1995-01-01,dimona,205.29721725473513,0.6810019027054899,0.7387482715361443
1995-02-01,dimona,146.1390321100353,-0.1519443953612013,-0.19128896131990458
1995-03-01,dimona,403.2431238412087,-0.6805479607388578,-0.7430147730222049
1995-04-01,dimona,368.93928760137453,-0.2385988008756011,-0.24301745560023114
1995-05-01,dimona,310.4558825392652,0.408080398401409,0.4547882733609805
1995-06-01,dimona,236.46029769356593,0.34687761394656685,0.4984866183646602
1995-07-01,dimona,167.84376278399964,0.374799473645089,0.45810064821518615
1995-08-01,dimona,134.49417163612233,0.5175517407133006,0.5653560196780496
1995-09-01,dimona,94.18138031462809,-0.01589767933217902,0.02309089479001964
1995-10-01,dimona,132.52919009102285,-0.2870381337735579,-0.168458698191688
1995-11-01,dimona,318.6946123902569,0.43891952020609964,0.6387777001726361
1995-12-01,dimona,272.6503899240166,0.6221695038324577,0.8152019596304232
1996-01-01,dimona,416.2095599343636,1.1486151723956881,1.2909697477126625
1996-02-01,dimona,332.10211813594157,1.1043289796334148,1.2188717307335348
1996-03-01,dimona,451.67354449358317,1.3386600507854087,1.3924688592210832
1996-04-01,dimona,516.7127390311381,1.4463109718413005,1.4282172564916507
1996-05-01,dimona,255.88117627561726,0.9594274146338133,0.9611698603155565
1996-06-01,dimona,241.66130285170502,0.702688349488779,0.7890306839515903
1996-07-01,dimona,191.552658250417,0.1634067862858602,0.20581983803493126
1996-08-01,dimona,154.67531371784978,0.8634030532377929,0.9552821537731844
1996-09-01,dimona,122.40838728419914,0.5616452302693242,0.7444035702345251
1996-10-01,dimona,197.07663347805388,0.49898650923350507,0.6714618223511567
1996-11-01,dimona,115.0974937980954,-0.1778213358818478,-0.09784571297632716
1996-12-01,dimona,182.75976672376336,-0.25149969739008476,-0.17107886664224461
1997-01-01,dimona,234.37307600506819,-0.653879590140995,-0.586839017575557
1997-02-01,dimona,377.104622057923,0.04257617653167707,0.08483391214688607
1997-03-01,dimona,441.22794929618163,0.7707780790836755,0.8430301146584175
1997-04-01,dimona,294.00935621380427,0.6172645383884294,0.689730122855341
1997-05-01,dimona,304.9565898859157,0.16147321593937422,0.16975891095616788
1997-06-01,dimona,119.75781547617102,-0.6806833630950018,-0.8338456179662913
1997-07-01,dimona,110.61689438126136,-0.8092578096224918,-1.128384734109562
1997-08-01,dimona,75.42234856738395,-1.6046532202526786,-1.8700907078708338
1997-09-01,dimona,30.71383536933035,-1.8193856788182758,-1.9609511949398664
1997-10-01,dimona,51.20843116450598,-2.3097328762306266,-1.8773466994269161
1997-11-01,dimona,140.13958010985593,-1.677432111901299,-1.473745906154584
1997-12-01,dimona,184.53463731016592,-0.7762615819105353,-0.7560960221326107
1998-01-01,dimona,245.6718274541754,-0.45742076069520843,-0.4043774366693584
1998-02-01,dimona,191.17187848561818,-0.8400061292106293,-0.9158553403932326
1998-03-01,dimona,167.41108188182145,-1.5062270611094892,-1.4147542909747222
1998-04-01,dimona,282.76425696098846,-1.7952574959646745,-1.7114210672680155
1998-05-01,dimona,219.9445592396985,-1.754905980681947,-1.5335109698652305
1998-06-01,dimona,213.09408939554885,-0.6277024411577187,-0.47475369033256765
1998-07-01,dimona,113.96324434003834,-0.6526200469449686,-0.5443839597538567
1998-08-01,dimona,85.58648994212263,-0.5270837813705228,-0.4740483700826641
1998-09-01,dimona,168.7897964058253,-0.26388842965019754,-0.20136681321858022
1998-10-01,dimona,194.81481064169162,0.31567863990124895,0.32738124156165127
1998-11-01,dimona,218.61282330296416,0.578526477224767,0.6642237559182137
1998-12-01,dimona,180.94802022144336,0.14862295136057063,0.15845348930065334
1999-01-01,dimona,255.53787328821,-0.102728564317702,-0.06316090490952306
1999-02-01,dimona,209.0438317266889,-0.7097153656905693,-0.7738103053132382
1999-03-01,dimona,266.45368288892803,-0.8079499036634118,-0.7359392913168354
1999-04-01,dimona,624.0933336505939,0.6297985860610967,0.7137601037093761
1999-05-01,dimona,363.11411847853304,1.1217117791485618,1.2353730246042802
1999-06-01,dimona,222.2949934981678,1.6096669243392485,1.5692403858374884
1999-07-01,dimona,143.20542809209715,0.4009878743176952,0.504858654760532
1999-08-01,dimona,130.98542910563415,0.14946596372250612,0.2836210913324014
1999-09-01,dimona,253.05963239791808,0.968400390973974,1.1365363315213006
1999-10-01,dimona,168.2526383248944,0.9786696917157134,1.139171239262721
1999-11-01,dimona,125.48163516944047,0.4128514844895801,0.5054044565221495
1999-12-01,dimona,208.28973737279296,-0.23337351521159816,-0.2365137922206365
2000-01-01,dimona,251.06722141247997,-0.4041845707312831,-0.3887042191936414
2000-02-01,dimona,319.2441033835356,-0.0034215886619732715,0.01756323319192714
2000-03-01,dimona,390.0616347738786,0.4546749314129731,0.530585132658086
2000-04-01,dimona,236.28104912452562,-0.0011261657494840247,0.13113692086693993
2000-05-01,dimona,249.53532429391393,-0.5534210984949962,-0.4570364734530219
2000-06-01,dimona,209.80821194898303,-0.8339853244159594,-0.7680744650718285
2000-07-01,dimona,159.25760588851213,-0.2398338322666937,-0.16805344006464712
2000-08-01,dimona,98.12385502316458,-0.045018050161372024,0.03647452249403352
2000-09-01,dimona,131.60743981366284,-0.06821389372777645,0.05525327058377144
2000-10-01,dimona,140.23269175356313,-0.2141720188745661,-0.29488212033611055
2000-11-01,dimona,157.0970676853243,-0.20764634655951705,-0.3608257427625418
2000-12-01,dimona,160.9466656356565,-0.3971612766828535,-0.5441274703077698
2001-01-01,dimona,355.4534351061893,-0.01021097506147435,9.165921668031728e-4
2001-02-01,dimona,244.2975184176184,-0.0511983853648202,-0.05600406490138997
2001-03-01,dimona,383.63645303678874,0.5544509645018971,0.5571923951330648
2001-04-01,dimona,341.7777767893091,0.10070966753938075,0.020285170898639262
2001-05-01,dimona,158.11845388769086,-0.5476911020132467,-0.6819668892006857
2001-06-01,dimona,300.4137947841278,-0.2467063506026213,-0.19605277462908738
2001-07-01,dimona,133.3822554009,-0.4048714419369462,-0.3273821614703334
2001-08-01,dimona,61.75847056860381,0.17063242208655488,0.2551651983532442
2001-09-01,dimona,128.382808234866,-0.6929654107953555,-0.8003232369813773
2001-10-01,dimona,154.3915858750096,-0.43728528197715694,-0.7077097080646513
2001-11-01,dimona,156.45891454026366,-0.16931662200348177,-0.40169818847063726
2001-12-01,dimona,203.7428308457874,-0.178203706065988,-0.2771042608920549
2002-01-01,dimona,200.77638065760124,-0.5134841863813592,-0.5595876429483074
2002-02-01,dimona,357.720196729529,-0.07709268279423515,-0.13712799335271633
2002-03-01,dimona,402.58037704338483,0.3793703270062042,0.25605890871464987
2002-04-01,dimona,445.8456561594545,1.0309707946170934,0.9558955950685775
2002-05-01,dimona,320.78284184622623,0.7987966423994721,0.7705238382742879
2002-06-01,dimona,219.60098599318678,0.6322004068873016,0.5801162624492378
2002-07-01,dimona,151.1589940304159,0.26907591518795854,0.22672637583267577
2002-08-01,dimona,85.51153038130174,-0.17476235041944332,-0.30071646991315026
2002-09-01,dimona,88.6715024352917,-0.6459477917933397,-0.8782516439653766
2002-10-01,dimona,184.279548189681,-0.31798118461793107,-0.49599098842164535
2002-11-01,dimona,143.4034471440375,-0.26683883929262275,-0.47985881319917323
2002-12-01,dimona,325.316700070908,0.36680342752884226,0.3846538645953124
2003-01-01,dimona,74.783664428605,-0.6042869350899298,-0.754442422958762
2003-02-01,dimona,167.3949145146774,-1.2323924054727255,-1.3493892240507097
2003-03-01,dimona,254.80701927191532,-2.2584218656858766,-1.9631463358056036
2003-04-01,dimona,215.8145842697836,-1.7654801567106717,-1.7411312316762064
2003-05-01,dimona,334.92745662723814,-0.9550608749500901,-1.0294745852149683
2003-06-01,dimona,159.51696507603947,-0.7204539272668411,-0.8076450491438055
2003-07-01,dimona,110.1399439244017,-0.3799633984368511,-0.41787199802045766
2003-08-01,dimona,91.86304366352041,-1.0631120859382328,-0.9768031184155314
2003-09-01,dimona,207.04816575614623,0.04524750554645901,0.06336801248194285
2003-10-01,dimona,109.0148498898712,0.05667466863784892,-0.019546812912345994
2003-11-01,dimona,139.5231295664438,-0.058021034170767274,-0.20645713731160686
2003-12-01,dimona,152.5518930677823,-0.6795518584698799,-0.854419963488393
2004-01-01,dimona,157.6664685757358,-1.0680223909240856,-1.2058904373466584
2004-02-01,dimona,217.00629974364693,-1.4409519593865558,-1.3999663097504438
2004-03-01,dimona,407.28383576340343,-0.4510961463098201,-0.5531559553586488
2004-04-01,dimona,219.78524993572032,-0.5566641713536927,-0.6403276643644069
2004-05-01,dimona,317.4173084420596,-0.20541091889166682,-0.2812800919470113
2004-06-01,dimona,121.73401516289587,-0.97734753900148,-0.9952336388212522
2004-07-01,dimona,109.60114422145594,-0.6450630097072149,-0.6896661447063703
2004-08-01,dimona,130.78790690261818,-1.0072793550226922,-1.049180914475992
2004-09-01,dimona,164.9456955104656,0.06587932711948524,0.1210144751507308
2004-10-01,dimona,173.8591149755448,0.46836889508491625,0.4413601818390854
2004-11-01,dimona,95.4085037933784,-0.18202727206902244,-0.3184790548198273
2004-12-01,dimona,167.7055372114347,-0.49393916260348103,-0.6091428583958843
2005-01-01,dimona,320.2147934735892,-0.3942635730234032,-0.5808964504700413
2005-02-01,dimona,361.2189725420644,0.3825936203077683,0.21588490754159692
2005-03-01,dimona,397.1978264283323,0.9716126223054853,0.8589998420484595
2005-04-01,dimona,406.7425339262175,1.0778849810430138,1.0629037349789856
2005-05-01,dimona,229.6807990100517,0.2155061008384732,0.16062166610860026
2005-06-01,dimona,135.86972991374762,-0.3704988250993088,-0.49664170114579775
2005-07-01,dimona,151.50606514066354,-0.9241843772832466,-1.0601474114483376
2005-08-01,dimona,98.72205882916295,-0.8209320398068711,-1.0183632736176076
2005-09-01,dimona,74.31868341508263,-0.6690566628353035,-0.7899771232467421
2005-10-01,dimona,131.27748054753533,-0.749004501885262,-0.9398807320279821
2005-11-01,dimona,216.5553324722439,-0.24356085953979023,-0.4175055768453886
2005-12-01,dimona,292.8584311854954,0.32228522311976004,0.3422717209143527
2006-01-01,dimona,287.490286285766,0.45063991036790846,0.49656078062832
2006-02-01,dimona,349.57572912026905,0.741915766617164,0.7266541346733348
2006-03-01,dimona,295.2265888683615,0.22258628932254587,0.09498859454159113
2006-04-01,dimona,336.3411815848733,0.07675163457138694,0.006156722139263854
2006-05-01,dimona,365.9983188440329,-0.023929740469668847,-0.0931956020969579
2006-06-01,dimona,241.0813946110584,0.3877670449685021,0.363003235997574
2006-07-01,dimona,186.6346907857324,0.7891841815473354,0.733581693949091
2006-08-01,dimona,105.19602685655677,0.3993188701600189,0.18135165151122648
2006-09-01,dimona,189.47379243816866,0.6387963098256049,0.42917459129579794
2006-10-01,dimona,188.8717277517871,0.522039320004313,0.18532571398249847
2006-11-01,dimona,455.9553869375014,1.6199334376923566,1.4955470236383657
2006-12-01,dimona,416.6840855467633,1.5028085999630445,1.3967652565214488
2007-01-01,dimona,315.61609919787895,1.6199008344488255,1.5095870940701799
2007-02-01,dimona,222.70726818532975,0.7982260026662642,0.5967358030360709
2007-03-01,dimona,420.5534456825293,0.4473203830740694,0.31155210192540783
2007-04-01,dimona,427.52332478693785,0.5545530173681288,0.4113172153587938
2007-05-01,dimona,356.1572848590714,0.9667822923578978,0.951577859391417
2007-06-01,dimona,164.6924498759146,0.4681146613648941,0.44757841120174807
2007-07-01,dimona,181.4613733986609,0.31725223565344324,0.21335486412271765
2007-08-01,dimona,255.388753136064,0.918460309291934,0.8807399659808165
2007-09-01,dimona,190.53816754838934,1.5924568641553405,1.4820553901139
2007-10-01,dimona,191.2777334401236,1.382148128549322,1.3773076443741439
2007-11-01,dimona,201.85633941698484,0.5305818075236017,0.4570151935602062
2007-12-01,dimona,305.5761639614944,0.41767415485171216,0.3688600315763166
2008-01-01,dimona,244.34474083668127,0.2472721028552188,0.24334343190801874
2008-02-01,dimona,267.7323845807396,0.18299353206372784,0.14986061534978307
2008-03-01,dimona,312.4738360833306,-0.31196778967696565,-0.32970607687760956
2008-04-01,dimona,334.91131239918315,-0.20859892774466973,-0.2662262784597901
2008-05-01,dimona,299.3834807794967,-0.23472681619244118,-0.23872205549215572
2008-06-01,dimona,242.16896738748466,0.09783858250243786,0.15816740158915807
2008-07-01,dimona,144.68793946828515,0.17323014937540857,0.25043331979967365
2008-08-01,dimona,157.26374230093808,0.4892190289977342,0.5226830338969296
2008-09-01,dimona,95.5421845756048,-0.011385529648617809,0.06455219677071253
2008-10-01,dimona,352.97279854908174,1.2867241978404256,1.348979629639707
2008-11-01,dimona,356.0504422437024,1.525469104518207,1.6346101057788542
2008-12-01,dimona,433.2733011360174,1.7274084753007226,1.689237430598102
2009-01-01,dimona,343.1736043434491,1.4979812902004757,1.4996937556824315
2009-02-01,dimona,228.40275923496205,1.0904946919462346,1.1185021162762434
2009-03-01,dimona,285.43732181651865,-0.09671153475919977,-0.030147557474545728
2009-04-01,dimona,269.56765335486824,-0.8473734232161685,-0.7525161868732643
2009-05-01,dimona,263.03946335526666,-0.9092838600667971,-0.8468638292948155
2009-06-01,dimona,226.27362077292537,-0.5147128007184325,-0.47340618559015246
2009-07-01,dimona,97.35359876742653,-0.47195241582810726,-0.411242336803839
2009-08-01,dimona,128.42791992158044,-0.20381050621061905,-0.23526776418127557
2009-09-01,dimona,77.67683621596755,-0.8879007771820804,-1.1259184101645832
2009-10-01,dimona,52.450154630840736,-1.1585803125875371,-1.3930079476352417
2009-11-01,dimona,84.80338493537478,-1.7539793629674545,-1.8375542206109823
2009-12-01,dimona,201.09348416936655,-0.9731802005925603,-1.1487766913760213
2010-01-01,dimona,307.19839045484196,-0.3514602585036759,-0.4717334548488463
2010-02-01,dimona,285.03501621940285,0.0698357952153148,0.047911059400680564
2010-03-01,dimona,287.12292427679324,0.00823417044113261,-0.19307460855940553
2010-04-01,dimona,463.58864257411756,0.37862887721751615,0.27661669325458466
2010-05-01,dimona,328.2770863824345,0.37371959662853277,0.26435829838030284
2010-06-01,dimona,310.62785029881354,1.1456290456168559,1.2092808682903482
2010-07-01,dimona,271.62938229554106,1.4032209549650252,1.4362527731927806
2010-08-01,dimona,188.22063929399278,1.9811460746029481,1.792603779712683
2010-09-01,dimona,138.15170900622564,1.361668131656835,1.2676941770987893
2010-10-01,dimona,184.55073745517333,0.7070367615458569,0.5722246465057086
2010-11-01,dimona,288.88371578934147,0.7477958966751357,0.6542336129663705
1987-10-01,km_clust,41.31047046983419,NA,NA
1987-11-01,km_clust,29.3,NA,NA
1987-12-01,km_clust,196.57315885232663,-1.6895865819783273,-1.851217798605392
1988-01-01,km_clust,346.6280323189404,-0.39004318896600393,-0.6273025007113561
1988-02-01,km_clust,425.7346187880089,0.7861758251939744,0.7398282030054224
1988-03-01,km_clust,228.3,0.2987909099058736,0.18941242436246247
1988-04-01,km_clust,269.3733839753046,-0.4462664254615571,-0.6017348420161249
1988-05-01,km_clust,530.0457070568452,-0.19017065887923623,-0.3258675522294843
1988-06-01,km_clust,291.8945430129212,0.9583506722897124,1.0332996744379974
1988-07-01,km_clust,149.74618504085137,1.6656388733496208,1.783939433506855
1988-08-01,km_clust,64.2,0.539431158566774,0.45073185502427726
1988-09-01,km_clust,110.87352240882974,-0.4323155256552051,-0.618326215939114
1988-10-01,km_clust,278.4522930757215,0.3964152892113332,0.22613859419514132
1988-11-01,km_clust,405.40000000000003,1.6826588088696501,1.6452957099406473
1988-12-01,km_clust,280.30808748232226,1.8266812761307047,1.760530501004784
1989-01-01,km_clust,332.23012631119775,1.287341659134471,1.3092906118062242
1989-02-01,km_clust,344.1469976316128,0.7366187715316171,0.7629574351586638
1989-03-01,km_clust,423.9839722319193,0.7359861451181037,0.7723035817053148
1989-04-01,km_clust,382.85663114791237,0.7588746836094704,0.8048635987978757
1989-05-01,km_clust,564.617647530219,1.5797052197678785,1.6666024485389803
1989-06-01,km_clust,228.6917110289644,1.3079721696983269,1.4091175556383901
1989-07-01,km_clust,128.1,1.393623903877859,1.5052907241162627
1989-08-01,km_clust,95.2,-1.906170701531828e-4,-0.27096945590015287
1989-09-01,km_clust,75.5,-0.6865120070696226,-0.9071650694862787
1989-10-01,km_clust,224.16211644426238,-0.021736443759638586,-0.361159441551146
1989-11-01,km_clust,208.75514849947206,0.2911687863816295,0.22744766632127114
1989-12-01,km_clust,211.501855579909,0.523099955317535,0.5745515341262443
1990-01-01,km_clust,254.624918449707,-0.0095632811924618,0.024088582341551357
1990-02-01,km_clust,257.1139322080723,-0.3694904763897937,-0.35893462332775883
1990-03-01,km_clust,363.10368432780507,-0.3463543728391446,-0.33287274777077946
1990-04-01,km_clust,313.7942157407494,-0.40279489056769546,-0.39289479588541393
1990-05-01,km_clust,353.7866276642874,-0.17771917339853052,-0.27397391526910286
1990-06-01,km_clust,187.55120489680863,-0.26728827213184464,-0.46445951836243676
1990-07-01,km_clust,224.56733499163158,0.5273180060781144,0.4393116572352756
1990-08-01,km_clust,113.10370789286469,0.7385118912022134,0.7699985178485378
1990-09-01,km_clust,120.45479959464409,0.6945115298815135,0.6412450317086698
1990-10-01,km_clust,68.67367662775233,-0.7670497613457654,-0.8778174853551323
1990-11-01,km_clust,172.11674133104322,-0.61787188932413,-0.8378105146427454
1990-12-01,km_clust,345.71946894298856,0.28136212504754426,0.19235172349500826
1991-01-01,km_clust,333.1751330775925,0.7188720338209409,0.7468350981630333
1991-02-01,km_clust,226.06643465038695,0.506013040824146,0.5329053735556826
1991-03-01,km_clust,455.5124428129979,0.3125831313150068,0.3723966170290767
1991-04-01,km_clust,379.16269963598654,0.30294387319341515,0.3565407688179168
1991-05-01,km_clust,383.32793014657045,0.8131864892638799,0.9223393915833109
1991-06-01,km_clust,266.3981375318242,0.5977056725153904,0.5521526175561122
1991-07-01,km_clust,181.02298812296044,0.8588526563962938,0.851896954799003
1991-08-01,km_clust,109.97922329726211,0.8776784652953016,0.8894227637791806
1991-09-01,km_clust,125.40310982979513,0.33017777509094876,0.4511300002054574
1991-10-01,km_clust,164.556834627557,0.004813057218865864,0.11889579354297157
1991-11-01,km_clust,39.732072833097625,-0.8528925515195813,-0.8309432993544935
1991-12-01,km_clust,70.57788039337049,-1.6328059620039599,-1.4857255833886074
1992-01-01,km_clust,152.67534644333344,-2.2212992794618702,-1.9443958300727355
1992-02-01,km_clust,200.63176244274865,-2.0480408618838704,-1.7843189389214154
1992-03-01,km_clust,385.1936918134735,-1.0391876630452124,-1.0376788083123658
1992-04-01,km_clust,158.41406277267978,-1.5473148200196174,-1.539196764792933
1992-05-01,km_clust,135.67954265630067,-2.47386246523302,-2.1729166202345644
1992-06-01,km_clust,86.85211441455621,-3.5901786180639976,-2.328591188755076
1992-07-01,km_clust,116.37678513703338,-2.74333533605516,-2.10198960210456
1992-08-01,km_clust,163.48310350008512,-0.9487815986799274,-0.8595699777324158
1992-09-01,km_clust,91.01695407345656,-0.031408816706402845,0.11287579278778806
1992-10-01,km_clust,107.37488527982782,-0.27810259765393874,0.03702328326339881
1992-11-01,km_clust,117.82614747263236,-0.9568701455448693,-0.606445038065461
1992-12-01,km_clust,338.38551897424196,0.1599090226726255,0.4873198370063442
1993-01-01,km_clust,387.1155789776271,0.6979315736513872,0.8839790476630232
1993-02-01,km_clust,324.9484778335473,1.095922017645789,1.2448021966075224
1993-03-01,km_clust,371.8227197356861,0.6381416606353301,0.7884423300298404
1993-04-01,km_clust,374.03747702777713,0.35015385677970506,0.545079803786416
1993-05-01,km_clust,237.44470638995233,-0.44547765117813837,-0.4214910745167886
1993-06-01,km_clust,214.0124141073884,-0.4426907706937377,-0.5620675178361376
1993-07-01,km_clust,151.5003288545937,-0.5430193219631778,-0.6531676375410669
1993-08-01,km_clust,108.82786856603005,0.1980467025898001,0.13874824579250994
1993-09-01,km_clust,195.5815394990807,0.6648189950020087,0.6862179528101392
1993-10-01,km_clust,181.9706443406545,0.6175466780311706,0.7990627690097574
1993-11-01,km_clust,131.28239900974984,0.30747837868989875,0.5894786982546566
1993-12-01,km_clust,193.15438279796032,-0.13641439967484853,0.14588389459751255
1994-01-01,km_clust,311.8772664413817,-0.12356115660644579,0.08407179077954106
1994-02-01,km_clust,303.475966936406,0.10517518640455398,0.31459196434551895
1994-03-01,km_clust,300.0823260610334,-0.10346109144490798,0.14411115152067183
1994-04-01,km_clust,358.9266858383392,-0.235888831357216,-0.0446388259941921
1994-05-01,km_clust,277.1904995840481,-0.7191967108536121,-0.6865561093697972
1994-06-01,km_clust,200.45097041506605,-0.3416104936303573,-0.3951585290172422
1994-07-01,km_clust,144.8,-0.3922716507095792,-0.40392938813831547
1994-08-01,km_clust,167.82818186640162,0.6034076941353194,0.7243043271220878
1994-09-01,km_clust,130.7286316719479,0.5891126334129313,0.5996917344962985
1994-10-01,km_clust,135.80889171126188,0.27435910748303727,0.36453213427368497
1994-11-01,km_clust,125.39999999999999,-0.4049046235864716,-0.27845409602725046
1994-12-01,km_clust,221.8,-0.24805287693013148,-0.15337384005717447
1995-01-01,km_clust,169.8,-0.656715423674231,-0.678227662300678
1995-02-01,km_clust,128.8,-1.405570591906594,-1.4053651564009113
1995-03-01,km_clust,347.799305573168,-1.5949564430327812,-1.5255017024432753
1995-04-01,km_clust,322.5,-1.1990700708126738,-1.2177993340078526
1995-05-01,km_clust,323.9,-0.3752473541347917,-0.3939251598291071
1995-06-01,km_clust,198.6,-0.2929639581674537,-0.3317817274793537
1995-07-01,km_clust,97.35439905045101,-0.39770349635679153,-0.422747720499792
1995-08-01,km_clust,53.27100834746523,-1.1591658949511707,-1.107114408155061
1995-09-01,km_clust,98.5,-1.2221730782527644,-1.0956056677193253
1995-10-01,km_clust,140.93319182061865,-0.8524494364868268,-0.7319378059165664
1995-11-01,km_clust,272.0780230465509,0.32504645658995446,0.569099409993326
1995-12-01,km_clust,164.1,0.24206647925235428,0.46522716524510166
1996-01-01,km_clust,337.7,0.44691349355644583,0.6197581834959236
1996-02-01,km_clust,284.5,0.0029915786517184704,0.0821817280257091
1996-03-01,km_clust,467.5,0.7029818968417674,0.8210597787748288
1996-04-01,km_clust,342.39704543193136,0.4883993951072964,0.5952604195487106
1996-05-01,km_clust,245.4,-0.02804764441649838,0.003955590310057375
1996-06-01,km_clust,220.7,-0.49943223437947293,-0.597761654148426
1996-07-01,km_clust,99.9,-0.7798168216060538,-0.7980720949507623
1996-08-01,km_clust,184,0.5336801310113353,0.4853372025341639
1996-09-01,km_clust,199.5,0.8931306101509734,1.008503387264751
1996-10-01,km_clust,319.73504999546896,1.869081667141768,2.1021826245097777
1996-11-01,km_clust,142.8,1.0970212803378665,1.2452966599081705
1996-12-01,km_clust,83.6,0.08663175427148018,0.19984424919836893
1997-01-01,km_clust,218,-1.035268147365029,-0.9852937693237397
1997-02-01,km_clust,325.3,-0.793129557388893,-0.7742745080937166
1997-03-01,km_clust,462.09999999999997,0.32414156961415846,0.433396391896826
1997-04-01,km_clust,288.7,0.3910058059073236,0.48166646710162403
1997-05-01,km_clust,367,0.3128577323871806,0.31410121791698503
1997-06-01,km_clust,58.5,-1.0566847445620573,-1.1749754071246086
1997-07-01,km_clust,57.069278937537206,-1.4232213598993237,-1.52096221855462
1997-08-01,km_clust,73.2579670553933,-3.5679853016839753,-2.1743825389824316
1997-09-01,km_clust,31.700000000000003,-2.378892803319051,-1.7459065566971834
1997-10-01,km_clust,15.200000000000001,-2.9451408685402862,-1.9139206335888106
1997-11-01,km_clust,216.4,-1.3846231261801252,-1.2948525048471198
1997-12-01,km_clust,129.3,-0.9890905126474441,-0.9614347163389169
1998-01-01,km_clust,388,0.2927189485298671,0.3651816543086024
1998-02-01,km_clust,195.20000000000002,-0.3505833227275734,-0.4609996620940174
1998-03-01,km_clust,152.2,-1.054856452083138,-1.1249923656567642
1998-04-01,km_clust,358.5,-1.808562003036545,-1.7393770411649863
1998-05-01,km_clust,302.59999999999997,-1.5111715605910536,-1.3637329380626195
1998-06-01,km_clust,228.2,-0.052476945611259186,-0.019549994065741236
1998-07-01,km_clust,121.5,-0.17886796199706126,-0.1560180999578623
1998-08-01,km_clust,76.6,-0.2643730904144347,-0.3941595074894705
1998-09-01,km_clust,158.8,-0.1322056685617203,-0.26852039773330116
1998-10-01,km_clust,143.1,-0.13485972424709486,-0.23305016965851374
1998-11-01,km_clust,120.28437924560606,-0.20841168244619115,-0.1590710078450208
1998-12-01,km_clust,86.07920181404631,-1.0676385954790892,-1.0889653132920223
1999-01-01,km_clust,279.9,-0.8117853110916166,-0.8327001184717069
1999-02-01,km_clust,257.4801865555633,-0.811330234653223,-0.8684256617576791
1999-03-01,km_clust,155.71235412112068,-1.2879067543429807,-1.1973339010294408
1999-04-01,km_clust,436.1,-0.8736324748497523,-0.8936645514758678
1999-05-01,km_clust,406.3,-0.34986676890146196,-0.3642638683291272
1999-06-01,km_clust,210.5,0.7721270871021769,0.8370587816826851
1999-07-01,km_clust,129.6,0.41842878219621915,0.4574018336379008
1999-08-01,km_clust,169.4,0.5807999408020893,0.6225778005213859
1999-09-01,km_clust,197.4,0.9879651271440919,1.1441215563638447
1999-10-01,km_clust,159.30297173104452,0.8767575597532724,1.0338385721245236
1999-11-01,km_clust,116.5954779734392,0.10491415004169315,0.1920170623806702
1999-12-01,km_clust,282.96799905356966,0.14512020427320652,0.1730873638683078
2000-01-01,km_clust,358.3198931280077,0.38040924097869017,0.427181583608919
2000-02-01,km_clust,327.7,0.7897874742483513,0.8774761699576894
2000-03-01,km_clust,351.8,0.47280319731431186,0.6030435053316449
2000-04-01,km_clust,376.43,0.2856290048064518,0.4721516384039245
2000-05-01,km_clust,344.27430550814825,0.06719718634525151,0.19661979369011395
2000-06-01,km_clust,197.4,0.09855143981039959,0.06198032150157353
2000-07-01,km_clust,170,0.20673345994793726,0.21689105266671324
2000-08-01,km_clust,81.2,-0.027770520480561722,-0.15434430002712876
2000-09-01,km_clust,194.81105804323798,0.6104217011050229,0.578965539406489
2000-10-01,km_clust,157.5631159070873,0.2568190592836171,0.10611198705535704
2000-11-01,km_clust,179.06019438506843,0.42919775661769954,0.34138804248766724
2000-12-01,km_clust,193.6,0.001057617065590173,-0.137926009205956
2001-01-01,km_clust,351.71450095507834,0.23428474576051456,0.23629848270348716
2001-02-01,km_clust,192.2,-0.24751570757983363,-0.24775951362089593
2001-03-01,km_clust,394.4744478263912,-0.05173037038129633,-0.04259856637358331
2001-04-01,km_clust,372.75995530995675,-0.3449663715734332,-0.45759810668726464
2001-05-01,km_clust,233.23213090223965,-0.4159264781944996,-0.5684489590402686
2001-06-01,km_clust,234.68484158893676,-0.3294970121269041,-0.37733653489971747
2001-07-01,km_clust,126.80548871498216,-0.5821760753446644,-0.5580840926995098
2001-08-01,km_clust,91.23133731160043,0.002606866919806102,-0.02566364343718592
2001-09-01,km_clust,81.04292348318623,-0.6944765058010455,-0.8808078139261724
2001-10-01,km_clust,156.31743006639462,-0.5424487710968642,-0.8673794761118065
2001-11-01,km_clust,53.689748094964905,-1.157451771684526,-1.3431676785721838
2001-12-01,km_clust,175.0387932701207,-0.8357412108619997,-0.9876573596591152
2002-01-01,km_clust,187.16745247533393,-1.1954261674181466,-1.2483139442449291
2002-02-01,km_clust,390.4,-0.15273625536698074,-0.21440305167476215
2002-03-01,km_clust,238.70000000000002,-0.602557333093983,-0.728988556071963
2002-04-01,km_clust,454.6500373816066,0.42961785955534104,0.3693583040893525
2002-05-01,km_clust,441,0.40033537094928456,0.320369238629668
2002-06-01,km_clust,260.1827575888414,1.2407962013590428,1.289154828821026
2002-07-01,km_clust,125.7729621476517,0.8879317940390626,0.8393122492494538
2002-08-01,km_clust,72.01571634899167,0.08264377580397825,-0.26403957292807906
2002-09-01,km_clust,87.7,-0.8261066750153869,-1.0443231237437876
2002-10-01,km_clust,215.76282627252786,-0.15939059244060041,-0.4386559889040196
2002-11-01,km_clust,163.2686278565017,0.06106644276795095,-0.1236142044363868
2002-12-01,km_clust,250.22699420552402,0.4859325508353748,0.4957807349304287
2003-01-01,km_clust,97.64189493725105,-0.6841739339871663,-0.859090964937296
2003-02-01,km_clust,254.7863145277114,-0.9300762281923792,-1.0897253871516774
2003-03-01,km_clust,325.8,-1.3380440720654534,-1.5188940015972954
2003-04-01,km_clust,321.21181999880554,-0.5847807020668989,-0.7437893760594003
2003-05-01,km_clust,388.43937803372717,-0.15727216901647303,-0.2903320481440339
2003-06-01,km_clust,173.89488201033984,-0.09428151438280312,-0.24311009557794533
2003-07-01,km_clust,124.26907604154401,0.01762675151143876,-0.07672889944618456
2003-08-01,km_clust,206.5,0.5193888898478742,0.39073873458297564
2003-09-01,km_clust,248.55597608569605,1.552707273536254,1.6138708673569715
2003-10-01,km_clust,123.91681579371757,1.193029036374183,1.1514207303710569
2003-11-01,km_clust,134.6928791926757,0.2913910682079537,0.18573646259981147
2003-12-01,km_clust,109.11567543707724,-0.961851028558105,-1.10124981032885
2004-01-01,km_clust,234.76874658716605,-0.8596501655829151,-0.9899375365653817
2004-02-01,km_clust,237.16806188752037,-1.0695274286038732,-1.1598854094784343
2004-03-01,km_clust,588.8342000052755,0.47247631415210656,0.43826228446657173
2004-04-01,km_clust,251.7838685932958,0.35015464794447565,0.3113776469855011
2004-05-01,km_clust,374.61277853140643,0.7856051920592404,0.7460328612033067
2004-06-01,km_clust,150.37538387157824,-0.6631786099222159,-0.8069131587196907
2004-07-01,km_clust,207.52256404826596,0.33248618811342484,0.2369880528333087
2004-08-01,km_clust,111.13005307682357,0.17095691472826746,-0.03782281897862432
2004-09-01,km_clust,183.13028286933084,1.0137167320081533,0.9989360449529198
2004-10-01,km_clust,223.0095536542455,0.8141795763360152,0.7557813791570879
2004-11-01,km_clust,77.74155885772555,0.15761504352478328,0.05767088168739835
2004-12-01,km_clust,203.6961631529765,-0.14701218143898365,-0.2650053590220237
2005-01-01,km_clust,265.21872760023945,-0.5277789916876526,-0.7365634346186729
2005-02-01,km_clust,370.580590141572,0.21264902259600194,0.06471784251279548
2005-03-01,km_clust,528.1558127994791,0.9763738677972009,0.8972200589200183
2005-04-01,km_clust,384.2779040786789,1.3735038132889714,1.3504454142445181
2005-05-01,km_clust,299.10413313915967,0.7737273964413562,0.7381938922936605
2005-06-01,km_clust,128.4192157645887,-0.4859764929032308,-0.7121942604027406
2005-07-01,km_clust,126.8128387873579,-0.8655732620262521,-1.0555236365059735
2005-08-01,km_clust,51.833865662704675,-1.6947177283588597,-1.5420202626584072
2005-09-01,km_clust,58.65397329844018,-1.3604571457702106,-1.2905905241654003
2005-10-01,km_clust,185.14738090220675,-0.83947098353173355,-1.027255083412974
2005-11-01,km_clust,184.75171126163943,-0.17009933634938565,-0.3422591183836039
2005-12-01,km_clust,245.3062537272194,0.41654933850766246,0.4307911581931454
2006-01-01,km_clust,315.8110230927703,0.33132802793364635,0.3445785605396229
2006-02-01,km_clust,277.19801629489365,0.2355457860052198,0.2218126106208849
2006-03-01,km_clust,287.92606905247783,-0.2762697586047672,-0.40356326283030447
2006-04-01,km_clust,463.80121704600225,0.1484338849318785,0.1033071602183755
2006-05-01,km_clust,398.1146197619149,0.46926051186619955,0.4633486599285228
2006-06-01,km_clust,240.37877795078396,0.9727226911176151,0.987917538309668
2006-07-01,km_clust,162.22250718474476,0.7245417542358901,0.6543872988526248
2006-08-01,km_clust,107.1064771261934,0.5721592001441708,0.20502671434189573
2006-09-01,km_clust,177.5345705768905,0.5971018355088066,0.1662923590122281
2006-10-01,km_clust,246.80140622219287,0.9070725194195319,0.5166460161066854
2006-11-01,km_clust,399.933469931733,1.8054241573816605,1.649905481181669
2006-12-01,km_clust,179.1766637358937,1.309287094726399,1.2012862462065552
2007-01-01,km_clust,420.75179151019114,1.224007135641271,1.1998910936579115
2007-02-01,km_clust,179.30839992312468,-0.040858647721724414,-0.2602926414928791
2007-03-01,km_clust,375.7869766911736,0.1873878953087231,0.05164357637124443
2007-04-01,km_clust,541.0691660103249,0.4735498422916399,0.3247531750751745
2007-05-01,km_clust,374.54401419110894,1.1961202115830611,1.2067760122675846
2007-06-01,km_clust,140.31078206323218,0.7511871624041023,0.6203423618903479
2007-07-01,km_clust,147.12254204334386,-0.11250121656065934,-0.3192062455333135
2007-08-01,km_clust,176.82824048701423,0.11586462772135468,-0.11627873934787561
2007-09-01,km_clust,129.05760348516188,0.6504178939285165,0.6110805956043261
2007-10-01,km_clust,220.14617481307317,0.8598955991149677,0.8567635514999261
2007-11-01,km_clust,250.035849838342,0.7808086188558633,0.7327354131664063
2007-12-01,km_clust,164.52060995332218,0.5016367344447955,0.42394336609926514
2008-01-01,km_clust,521.9748729305114,0.9201078261366858,0.8887459188256507
2008-02-01,km_clust,517.7940448107732,1.5809867357733784,1.5209736894097188
2008-03-01,km_clust,509.49265300717104,2.277315585045779,2.063563819390043
2008-04-01,km_clust,403.4557279022391,2.007473180954325,1.8510327937149968
2008-05-01,km_clust,377.0639883918501,1.1261158351436018,1.145015304665645
2008-06-01,km_clust,269.2131536846866,0.7488284440523922,0.7608940594597031
2008-07-01,km_clust,196.75156606834122,0.9721254563017798,1.0341714388868508
2008-08-01,km_clust,145.98890992117165,1.484047471203729,1.7432180119782217
2008-09-01,km_clust,133.51289067648844,0.8254624391034713,0.7818416735899832
2008-10-01,km_clust,222.5816834134049,0.7170491097118816,0.7703445863169791
2008-11-01,km_clust,352.46232186344014,1.3078906802097063,1.4541533118386007
2008-12-01,km_clust,455.2882012724474,2.0376668166775596,1.976031804042377
2009-01-01,km_clust,442.01171841259554,1.960125271598397,1.9114860889027485
2009-02-01,km_clust,273.8450195632517,1.5544605372710243,1.5977873848456405
2009-03-01,km_clust,421.67065469999346,0.8949227987115913,1.0292976551033495
2009-04-01,km_clust,235.82047628866582,-0.4104478079079531,-0.3833487512914705
2009-05-01,km_clust,325.2056514254261,-0.45697601027103907,-0.479499623336627
2009-06-01,km_clust,244.0299192163586,-0.5211222913945966,-0.5670686139900967
2009-07-01,km_clust,100.05228448581656,-0.0778901677686138,-0.1033940973137051
2009-08-01,km_clust,51.78137631506886,-0.6048832005712812,-0.7916357774375294
2009-09-01,km_clust,87.55712725404025,-1.3454691435024246,-1.383041633931624
2009-10-01,km_clust,101.71201264909976,-1.3598991451614506,-1.4481106751845678
2009-11-01,km_clust,83.82434598618667,-1.3018038436539006,-1.5953228894030649
2009-12-01,km_clust,323.8835600290452,-0.1416258079589438,-0.3480556239148172
2010-01-01,km_clust,303.94289128347054,0.1880399228753043,0.09924331065665266
2010-02-01,km_clust,339.5828663815298,0.7510478809617275,0.8001825330678385
2010-03-01,km_clust,197.8885334638653,-0.5034085378891773,-0.6492543730038222
2010-04-01,km_clust,575.3642380143424,0.5623297630547693,0.4944415099218316
2010-05-01,km_clust,254.79127325466342,-0.19865439284478129,-0.35016568733304987
2010-06-01,km_clust,282.49232192849473,0.9656279795680207,1.002685941220748
2010-07-01,km_clust,164.01554903219474,0.09485489561103742,0.11367820130856826
2010-08-01,km_clust,104.15328796284442,0.91078460075986,1.0318515127497383
2010-09-01,km_clust,77.65643612613876,-0.2554211667423474,-0.35782729556980425
2010-10-01,km_clust,100.02898261109266,-1.0173715408308255,-1.0100602884998093
2010-11-01,km_clust,104.99678598994095,-1.3165286287093754,-1.2868952648728447
1987-10-01,porto_alegre,117.05908611367346,NA,NA
1987-11-01,porto_alegre,120.44276556012116,NA,NA
1987-12-01,porto_alegre,210.44718016110642,-0.30679076524938026,-0.6413290173904835
1988-01-01,porto_alegre,308.1268380162016,0.016059447692079152,-0.25822721162456375
1988-02-01,porto_alegre,351.63506280275925,0.4916304178970568,0.3807530037959963
1988-03-01,porto_alegre,246.95576555815842,-0.01125258271736079,-0.09476742863901097
1988-04-01,porto_alegre,315.03101360648196,-0.2669281203938132,-0.33879581212850496
1988-05-01,porto_alegre,526.1338491509235,0.27708933105263017,0.2474339545448742
1988-06-01,porto_alegre,242.36305559360378,0.8686743186084532,0.864407659278122
1988-07-01,porto_alegre,171.44341416430706,1.2374337308225634,1.192933334981725
1988-08-01,porto_alegre,97.87339802569814,0.20354324519512043,0.2756288884747521
1988-09-01,porto_alegre,133.47378166446745,-0.05502567647104351,-0.15300918232991223
1988-10-01,porto_alegre,252.90532804322785,0.5407884936884617,0.4341169947701909
1988-11-01,porto_alegre,306.3972086719298,1.45192907354485,1.4713453068038473
1988-12-01,porto_alegre,381.8893474640126,1.981677457062653,1.8785098334448542
1989-01-01,porto_alegre,315.1627432705579,1.6167434285798001,1.6144841372493088
1989-02-01,porto_alegre,398.36341578884395,1.3690693583468332,1.3516135486656693
1989-03-01,porto_alegre,410.29489934313534,0.8553743654707058,0.8329705895280395
1989-04-01,porto_alegre,388.10897974928514,0.8930383315466267,0.8566084297918902
1989-05-01,porto_alegre,590.5143193914845,1.3825970199059596,1.419571796897884
1989-06-01,porto_alegre,340.7137582809513,1.8425585793642958,1.8539797031249037
1989-07-01,porto_alegre,209.14589529117737,2.1163004099414593,1.9341282128335096
1989-08-01,porto_alegre,123.84243702882208,1.1727331844240543,1.110184738147293
1989-09-01,porto_alegre,150.69137181472757,0.5424750294776839,0.3817528810208751
1989-10-01,porto_alegre,269.34539324058727,0.8837908972582305,0.6722508761104077
1989-11-01,porto_alegre,218.652115438142,1.101221816387124,1.0570508095809494
1989-12-01,porto_alegre,196.4983305632003,0.9289717109257251,0.9962353028886975
1990-01-01,porto_alegre,304.30516192968645,0.42992453109852957,0.45840260977315195
1990-02-01,porto_alegre,322.4215273848473,0.3725397774831969,0.42256653925095655
1990-03-01,porto_alegre,566.7091016873756,1.143267685095966,1.1934438636902607
1990-04-01,porto_alegre,507.85848800137336,1.6193899686476694,1.5675394674460421
1990-05-01,porto_alegre,390.89482811266,1.5548355572429913,1.4946853684225956
1990-06-01,porto_alegre,250.94898491461646,1.1197986156939976,1.0841427552583864
1990-07-01,porto_alegre,263.6638754582791,1.0491131549764499,1.0421616539067429
1990-08-01,porto_alegre,197.64726261825695,1.4218720700811762,1.401625691047978
1990-09-01,porto_alegre,135.77619273763682,1.2551485550558452,1.251346123747269
1990-10-01,porto_alegre,104.2537795558932,0.22045779426811044,0.06238026298932228
1990-11-01,porto_alegre,241.78410739215008,0.25021800687702944,-0.022593788117507962
1990-12-01,porto_alegre,379.43044703230424,1.1412978238150373,1.083265051406032
1991-01-01,porto_alegre,315.77668732687533,1.335623815319163,1.3085669353998923
1991-02-01,porto_alegre,202.67208969102373,0.6473327260207407,0.6666655244516545
1991-03-01,porto_alegre,477.94669649244463,0.31757348728009516,0.4044714158755626
1991-04-01,porto_alegre,347.6450933985591,0.1874816453511873,0.22529468176348433
1991-05-01,porto_alegre,386.3542622731582,0.68850799639562,0.7698031046232354
1991-06-01,porto_alegre,270.91760657254736,0.5777752400483036,0.5894646309722907
1991-07-01,porto_alegre,180.21721736396552,0.7557007554651907,0.8362501844872001
1991-08-01,porto_alegre,152.94004383170733,0.7288068695456491,0.8295029157603642
1991-09-01,porto_alegre,150.01200611977188,0.4999696005576898,0.6816704485851626
1991-10-01,porto_alegre,115.05690013689357,0.07245451312922346,0.22746183581617865
1991-11-01,porto_alegre,45.22356891592969,-1.1021997559185859,-1.0094650560466867
1991-12-01,porto_alegre,66.72258057640109,-1.9942450460599697,-1.770795811210066
1992-01-01,porto_alegre,179.1471788733052,-2.257826945004155,-1.8067144297929971
1992-02-01,porto_alegre,231.65647186059874,-1.3913443834236785,-1.2753998141109366
1992-03-01,porto_alegre,341.69592013891116,-0.7139557829095979,-0.7055375015994837
1992-04-01,porto_alegre,235.72524274420215,-0.8076059626757848,-0.8022666917655699
1992-05-01,porto_alegre,127.17899795227714,-1.4950026556764282,-1.510648246156316
1992-06-01,porto_alegre,64.42945237534462,-2.6270357055528057,-2.4030385659950113
1992-07-01,porto_alegre,149.31980060181485,-2.3210024323078216,-2.2993936164874906
1992-08-01,porto_alegre,137.76593505182535,-1.054131375656985,-0.9790798002368037
1992-09-01,porto_alegre,101.75227791979523,-0.16321750688876055,0.06134398083225179
1992-10-01,porto_alegre,94.24686543657032,-0.5424612777821487,-0.2286798573142319
1992-11-01,porto_alegre,98.75614096559413,-1.2315217475812605,-0.8073290513840183
1992-12-01,porto_alegre,195.73907162694556,-0.6714610627227319,-0.2935615901491151
1993-01-01,porto_alegre,403.4767818052803,0.30174142838983775,0.4965085757292386
1993-02-01,porto_alegre,300.05648023535304,0.6319166671696425,0.7996652675188478
1993-03-01,porto_alegre,416.7959007340297,0.8534255331700432,0.9652429093307082
1993-04-01,porto_alegre,306.18730308192625,0.22080637093092814,0.4246360914310051
1993-05-01,porto_alegre,255.45079622697864,-0.17185754763341873,-0.15549018650667976
1993-06-01,porto_alegre,223.20616330053963,-0.4444473103372947,-0.5357430092848704
1993-07-01,porto_alegre,138.94123439201218,-0.3607482968811068,-0.43866599644756343
1993-08-01,porto_alegre,137.73286416592478,0.10637428721029636,0.1890487520054314
1993-09-01,porto_alegre,169.11335815713161,0.25773401518239797,0.3386158750336643
1993-10-01,porto_alegre,197.33715985686584,0.6897935491543903,0.8658027588232698
1993-11-01,porto_alegre,136.80651304203641,0.383446448121855,0.676179579512833
1993-12-01,porto_alegre,174.18969278318562,-0.001603133808896712,0.31573150406798167
1994-01-01,porto_alegre,295.67837735082924,-0.1347893007381102,0.08047124608615812
1994-02-01,porto_alegre,290.4084847335284,0.03049549046784965,0.21956275166951048
1994-03-01,porto_alegre,225.67357759894944,-0.4458826859638122,-0.1853243029699056
1994-04-01,porto_alegre,342.3672700462016,-0.5448354690068231,-0.376605079742099
1994-05-01,porto_alegre,338.35727881447195,-0.4847146091324875,-0.4596964281170685
1994-06-01,porto_alegre,182.84089041871636,-0.0426634287667781,-0.01145452422005284
1994-07-01,porto_alegre,134.6325439196625,-0.1235111600456352,-0.021687592120544698
1994-08-01,porto_alegre,219.63734299266653,0.22978671630209888,0.34424054570637713
1994-09-01,porto_alegre,169.92122169522486,0.6027942122669122,0.5853142140306768
1994-10-01,porto_alegre,105.45846115335648,0.455471131516998,0.4515201698856046
1994-11-01,porto_alegre,138.95211066676262,-0.1985856946463203,-0.11340080023841166
1994-12-01,porto_alegre,144.38742170143777,-0.6872052452422952,-0.5757689987412674
1995-01-01,porto_alegre,190.11942158251767,-0.9292540052912358,-0.8838406632490496
1995-02-01,porto_alegre,120.09779233837855,-1.594345245400918,-1.4686213565838737
1995-03-01,porto_alegre,323.6290206414332,-1.3841853141883596,-1.3873211243157504
1995-04-01,porto_alegre,305.747954994164,-1.1429864107980392,-1.197778294576398
1995-05-01,porto_alegre,220.78002325626082,-0.7578315400932982,-0.7651688502359021
1995-06-01,porto_alegre,163.29259437413685,-0.9529008609710674,-0.8515883779072128
1995-07-01,porto_alegre,155.5043882673803,-0.8741825726989262,-0.7895000860599584
1995-08-01,porto_alegre,61.832313236771796,-0.8337762960076086,-0.7879340718549107
1995-09-01,porto_alegre,98.62196813754984,-0.778261524500061,-0.7709889762460141
1995-10-01,porto_alegre,126.79471979342249,-0.9454964279510356,-0.7881128885113348
1995-11-01,porto_alegre,233.26304614645406,0.09570799777350057,0.332752646324623
1995-12-01,porto_alegre,189.07289225685716,0.27841979194622946,0.5245590657584246
1996-01-01,porto_alegre,299.32179905025936,0.4280955125754697,0.6030365327228557
1996-02-01,porto_alegre,252.8510952192869,0.0030918543307703467,0.08258099800881694
1996-03-01,porto_alegre,418.7869887089928,0.28532655251602096,0.4098192337779882
1996-04-01,porto_alegre,426.57967828306533,0.5294208819520173,0.6594365928816862
1996-05-01,porto_alegre,210.84090217261786,0.14606892150185988,0.21856193593799705
1996-06-01,porto_alegre,243.55780161098951,0.020229503072196276,0.029678373534333637
1996-07-01,porto_alegre,147.2188744325384,-0.4576723753564586,-0.4063231899847646
1996-08-01,porto_alegre,142.76654494725832,0.40105705367000805,0.5248357797130965
1996-09-01,porto_alegre,146.06666663704402,0.19868815048321298,0.32173602907668963
1996-10-01,porto_alegre,225.81754724217674,0.7502740038642098,0.9196613991184633
1996-11-01,porto_alegre,121.49931325087306,0.3346520383648325,0.4274241751126576
1996-12-01,porto_alegre,141.45065379343703,-0.042861596148026225,0.06556679601909823
1997-01-01,porto_alegre,272.4546687960065,-0.5166372617996993,-0.502936028648897
1997-02-01,porto_alegre,425.48982256695564,0.419017125425288,0.46107667004548436
1997-03-01,porto_alegre,415.3872179697937,0.8102848862358096,0.9151521831516598
1997-04-01,porto_alegre,296.5137471660624,0.6677785956374076,0.7723337314293417
1997-05-01,porto_alegre,394.70878634066753,0.3651603951462476,0.4037718901159333
1997-06-01,porto_alegre,128.71538665965858,-0.23683040237523265,-0.38888368345409885
1997-07-01,porto_alegre,95.87791620412257,-0.3400298668808878,-0.6056340788787552
1997-08-01,porto_alegre,96.80065940348119,-1.3549024962222367,-1.627144381679657
1997-09-01,porto_alegre,33.62784062754524,-1.7033626636483703,-1.6559836461081656
1997-10-01,porto_alegre,58.350516588269315,-1.9721770786096267,-1.5954362638298352
1997-11-01,porto_alegre,196.9516928057784,-1.2461939687046972,-1.1624191540873885
1997-12-01,porto_alegre,128.49496088534676,-0.7243397381834967,-0.6947103600285283
1998-01-01,porto_alegre,234.48079934958983,-0.38392059322357386,-0.37267731759990547
1998-02-01,porto_alegre,206.1993364687179,-0.8521235499446618,-0.933816853577565
1998-03-01,porto_alegre,205.4105016432075,-1.309764330120486,-1.327647825966889
1998-04-01,porto_alegre,252.41038493089525,-1.6064697746449854,-1.5837929293133997
1998-05-01,porto_alegre,279.3041649640413,-1.3038734502378613,-1.1829318371204365
1998-06-01,porto_alegre,275.5833729624944,-0.3082390403777611,-0.17941269569869017
1998-07-01,porto_alegre,169.7705460827917,0.2210283483960831,0.3787131751656072
1998-08-01,porto_alegre,97.21912743492527,0.3784778873588736,0.48653501539384164
1998-09-01,porto_alegre,203.1167706207996,0.4327352236697779,0.4422281227573758
1998-10-01,porto_alegre,213.11974961355153,0.7333071396354249,0.713297257895118
1998-11-01,porto_alegre,166.97966135695032,0.8710892410150962,1.0172851644952077
1998-12-01,porto_alegre,183.69113170912402,0.3458413805789854,0.3509045516272222
1999-01-01,porto_alegre,285.5759071768188,0.03256472800340343,-0.003376794060193937
1999-02-01,porto_alegre,181.19788668383137,-0.4229398135688642,-0.4874343558399462
1999-03-01,porto_alegre,327.31662490550985,-0.5361746779496154,-0.4519989049905784
1999-04-01,porto_alegre,489.3621385801102,0.08905390531910937,0.16405181152866413
1999-05-01,porto_alegre,360.6402117573847,0.5736587538099096,0.6545483554304401
1999-06-01,porto_alegre,216.12002795491705,0.8213432037893039,0.911903536245074
1999-07-01,porto_alegre,111.85552626426592,0.03556635304576021,0.17113798632142407
1999-08-01,porto_alegre,117.08549754258615,-0.3143395190310592,-0.1668920653637836
1999-09-01,porto_alegre,244.8961201588258,0.42892610416021226,0.592909841202773
1999-10-01,porto_alegre,207.15743137915484,1.011068753212845,1.2015161293799337
1999-11-01,porto_alegre,162.52654705259417,0.9361525760994747,1.0174530091142395
1999-12-01,porto_alegre,214.8143797664442,0.4633498249297861,0.5163178128127819
2000-01-01,porto_alegre,445.562207590015,0.9070912533945197,0.9453066605630651
2000-02-01,porto_alegre,420.5347408475472,1.3200372036172996,1.3966388415133573
2000-03-01,porto_alegre,516.5686495263462,1.7934742949674833,1.7098894875847688
2000-04-01,porto_alegre,379.2019517248708,1.3790229369589517,1.4269253124537125
2000-05-01,porto_alegre,322.3988681652867,0.7458644658773403,0.8800272319553406
2000-06-01,porto_alegre,207.8406913929438,0.18472560392209617,0.22427745366429613
2000-07-01,porto_alegre,180.18396467225645,0.18834239454197016,0.32054352100008354
2000-08-01,porto_alegre,119.45277135345655,0.19017769560532435,0.30743175953399127
2000-09-01,porto_alegre,139.69093212603184,0.17034217692898188,0.20374463471512627
2000-10-01,porto_alegre,122.1154505966302,-0.17152025651069547,-0.2862794522146105
2000-11-01,porto_alegre,182.2635814809234,-0.04662475089623642,-0.2521230486736474
2000-12-01,porto_alegre,117.72494640249045,-0.45318062880306365,-0.6354280148907421
2001-01-01,porto_alegre,395.1648687757694,0.2716003280458618,0.20320954805662472
2001-02-01,porto_alegre,180.30852860172422,-0.26229906917703705,-0.25146989506703465
2001-03-01,porto_alegre,310.9296959617817,-0.10049787011858978,-0.051262007921815275
2001-04-01,porto_alegre,348.021086757843,-0.6534967814126094,-0.751365480343008
2001-05-01,porto_alegre,192.42701916058434,-0.7538414066354118,-0.8585325954007355
2001-06-01,porto_alegre,296.7481875370379,-0.2085254711722656,-0.20338565658530458
2001-07-01,porto_alegre,139.36281807245834,-0.26184130649991133,-0.16975382408236014
2001-08-01,porto_alegre,82.42809038006892,0.25314451973202284,0.35955675577345897
2001-09-01,porto_alegre,214.55498954098516,0.20198636123873503,0.019215715529071805
2001-10-01,porto_alegre,181.65523869477153,0.5122095998368966,0.18730203444241736
2001-11-01,porto_alegre,217.51910610800883,1.0098430610228957,0.8522950207438164
2001-12-01,porto_alegre,274.5143863254095,0.8726890239869399,0.8106790698531731
2002-01-01,porto_alegre,161.00278102692945,0.11210121581749095,0.00503322020767419
2002-02-01,porto_alegre,352.97712415501485,0.17048867050929162,0.1420503612624395
2002-03-01,porto_alegre,340.5507988245321,-0.2279130215758737,-0.29014652843308164
2002-04-01,porto_alegre,419.2549453593854,0.5974803671146185,0.6006819275910128
2002-05-01,porto_alegre,382.41182623109546,0.46042499456750324,0.43596218691534205
2002-06-01,porto_alegre,219.22940483700046,0.6725063857583724,0.6675025951839177
2002-07-01,porto_alegre,120.41427638502434,0.27544598729925307,0.24673737303783164
2002-08-01,porto_alegre,49.93180520144956,-0.7305294430130786,-0.8890796465606257
2002-09-01,porto_alegre,109.91975606223946,-1.2001875906308601,-1.2391343039349638
2002-10-01,porto_alegre,146.08849588106796,-0.7863311110079865,-0.9312175839011816
2002-11-01,porto_alegre,126.22269678879816,-0.4675264832245494,-0.7016555273000749
2002-12-01,porto_alegre,176.36650088409584,-0.30541660814262817,-0.3601674957941892
2003-01-01,porto_alegre,149.99039374223548,-1.0479562278934642,-1.1352046873950652
2003-02-01,porto_alegre,218.09706824889565,-1.012922658940427,-1.1552177951068219
2003-03-01,porto_alegre,284.7120365918129,-1.2362381901383344,-1.4752564847995826
2003-04-01,porto_alegre,307.630828879696,-0.7867377542783922,-0.9654877623543721
2003-05-01,porto_alegre,332.0667014959054,-0.41216835482496744,-0.52677637895339
2003-06-01,porto_alegre,163.33000397276186,-0.3213046390239607,-0.400253254246892
2003-07-01,porto_alegre,112.4599518082905,-0.4050466391164626,-0.42407879934039194
2003-08-01,porto_alegre,87.2243326411166,-0.973354713157784,-0.976037463030632
2003-09-01,porto_alegre,200.91618511319473,-0.07858636073512987,-0.1601805583186412
2003-10-01,porto_alegre,169.1200785914811,0.3442171909699334,0.22000026783906135
2003-11-01,porto_alegre,221.96664940674805,0.884572298612138,0.7602992702287591
2003-12-01,porto_alegre,193.0139514166683,0.4084082440044478,0.2342001222517967
2004-01-01,porto_alegre,190.73747217753123,-0.14941485274647992,-0.34712339462181346
2004-02-01,porto_alegre,225.16041120335572,-0.6384741917152547,-0.8024951066691643
2004-03-01,porto_alegre,541.6573991731964,0.2007114099450326,0.20277454129689584
2004-04-01,porto_alegre,356.18334581668245,0.5993559013343659,0.6146931505807105
2004-05-01,porto_alegre,356.88936148200753,0.9134352699491889,0.9532569032874323
2004-06-01,porto_alegre,180.21865664768796,0.06251856696554071,-0.004811719091998657
2004-07-01,porto_alegre,198.68811071270298,0.3161650211669621,0.3501903385024744
2004-08-01,porto_alegre,132.21565191867163,0.18958560991133727,0.21470129966853344
2004-09-01,porto_alegre,169.29297608762636,0.6383499290873323,0.6417821321296499
2004-10-01,porto_alegre,194.70998107009422,0.6418689483343745,0.5764468827689931
2004-11-01,porto_alegre,71.32788123718967,-0.06407944077187813,-0.28201613621686594
2004-12-01,porto_alegre,165.87316927765352,-0.40292582904749147,-0.5713344736865785
2005-01-01,porto_alegre,235.81233598921384,-0.9709825168446231,-1.1063737101067943
2005-02-01,porto_alegre,268.3758661604666,-0.3493050670750083,-0.529423388327266
2005-03-01,porto_alegre,393.38301058591253,-0.027095581629393645,-0.09018022019012117
2005-04-01,porto_alegre,408.32984722843344,0.3819151039699734,0.3893860501302047
2005-05-01,porto_alegre,237.54468793579628,-0.0011975118792825006,-0.05401545800999353
2005-06-01,porto_alegre,104.2087664583736,-0.7103871412393123,-0.7868888481198933
2005-07-01,porto_alegre,187.86952337496547,-0.8999049264565545,-1.080411424883016
2005-08-01,porto_alegre,99.26878923725914,-0.7087035935421904,-0.9432124279790369
2005-09-01,porto_alegre,74.50162771580311,-0.3679404530290974,-0.5833603252961088
2005-10-01,porto_alegre,130.36703506160183,-0.7562343594865361,-0.988665563955681
2005-11-01,porto_alegre,158.57684392645882,-0.6007112184934358,-0.8225646316552857
2005-12-01,porto_alegre,286.61435298349903,0.4171201371271631,0.4017205254075471
2006-01-01,porto_alegre,246.1972272156395,0.260401600511098,0.20411778114414894
2006-02-01,porto_alegre,295.40519380457965,0.309685517091204,0.2838956057569153
2006-03-01,porto_alegre,251.9821953280665,-0.5089491381320843,-0.6166988385772755
2006-04-01,porto_alegre,351.85935357916134,-0.38755922660910613,-0.376001917360373
2006-05-01,porto_alegre,357.24275640094385,-0.23939115329130245,-0.2713241301918549
2006-06-01,porto_alegre,207.08654259709778,0.1946133921946509,0.16992488038339915
2006-07-01,porto_alegre,130.38146638395145,0.05299595509577765,0.03964321488523225
2006-08-01,porto_alegre,93.77412138883737,-0.43780915573589724,-0.6496514361745586
2006-09-01,porto_alegre,104.1463325800098,-0.7198674330014839,-0.9516857046651372
2006-10-01,porto_alegre,100.92648483753193,-0.8224554114502097,-1.1484206397076195
2006-11-01,porto_alegre,169.89545887674655,-0.48578920631443084,-0.8430230394676921
2006-12-01,porto_alegre,117.25536004533566,-0.6921663305237558,-0.9081118523402376
2007-01-01,porto_alegre,289.1946112122342,-0.3715203054611088,-0.4366860226913148
2007-02-01,porto_alegre,174.39092947433062,-0.85619326366466,-0.9922787843239138
2007-03-01,porto_alegre,437.8581676941596,-0.031111213048294496,-0.11945700699176322
2007-04-01,porto_alegre,422.9360506389744,0.24417862197968127,0.1446028983729902
2007-05-01,porto_alegre,377.82367611747634,0.8078512676596752,0.7933192065224659
2007-06-01,porto_alegre,195.46948606670986,0.5315080974789066,0.4666511293942646
2007-07-01,porto_alegre,258.7939122789343,0.7467734100272788,0.7099555435320808
2007-08-01,porto_alegre,300.10373130899865,1.6682468113001196,1.5614626073377087
2007-09-01,porto_alegre,160.99875387098146,1.9604292255236049,1.9409564946163698
2007-10-01,porto_alegre,170.46202779691703,1.4256460391515617,1.526443305226059
2007-11-01,porto_alegre,133.53660003372647,0.12599284958828877,-0.04347994226830164
2007-12-01,porto_alegre,222.99206218943607,0.16536950185932275,0.0363747110756307
2008-01-01,porto_alegre,413.57524255473794,0.6859160387634089,0.6304403758998282
2008-02-01,porto_alegre,406.00861763769996,1.2559255221124979,1.2595081659757155
2008-03-01,porto_alegre,315.11235561759327,0.9685232063628396,1.031246536813497
2008-04-01,porto_alegre,285.8663070211305,0.1346576703293344,0.13964723270631546
2008-05-01,porto_alegre,284.8039454546032,-0.588142909445653,-0.6068582824934126
2008-06-01,porto_alegre,208.84147372521116,-0.48685047385611036,-0.5039564853446887
2008-07-01,porto_alegre,113.58413654470404,-0.4346517004847262,-0.38290942319792215
2008-08-01,porto_alegre,109.42082960456838,-0.3736911120211602,-0.34320003832495544
2008-09-01,porto_alegre,103.21773613856637,-0.6936075206724718,-0.6903181064716448
2008-10-01,porto_alegre,170.35682186866774,-0.13683729037706793,-0.15377381502397605
2008-11-01,porto_alegre,202.4537052647203,0.23145237646308275,0.3561944029080804
2008-12-01,porto_alegre,289.81597843731817,0.8550764153768803,1.0022503088239751
2009-01-01,porto_alegre,376.60127364539386,1.0756931545741293,1.1962297446744294
2009-02-01,porto_alegre,290.4350599729134,0.8214783602348976,0.8849932940931681
2009-03-01,porto_alegre,233.0767188303829,-0.04848308954215514,0.0567374055073897
2009-04-01,porto_alegre,257.0619741716923,-0.941322234620099,-0.9545185370363254
2009-05-01,porto_alegre,271.9935628241449,-1.1585509180873221,-1.195834047560962
2009-06-01,porto_alegre,232.65923159594905,-0.558199163736787,-0.5145660862489047
2009-07-01,porto_alegre,95.42964113363813,-0.5123503918215587,-0.4247367362039799
2009-08-01,porto_alegre,67.30744721786238,-0.6948763442740308,-0.7594954738731485
2009-09-01,porto_alegre,53.51763721231654,-1.8488543114124107,-1.73584677170078
2009-10-01,porto_alegre,55.11542090678695,-2.1158088808273887,-1.8235312022531502
2009-11-01,porto_alegre,70.81087471865837,-2.4958373649646526,-2.0455181949746817
2009-12-01,porto_alegre,159.85321369620073,-1.464057668882108,-1.5947548933897189
2010-01-01,porto_alegre,283.8738139437817,-0.64563250635263,-0.8350128013159779
2010-02-01,porto_alegre,240.33297274827174,-0.25856994072979317,-0.280350277228103
2010-03-01,porto_alegre,272.89664102593105,-0.48550029854730825,-0.6264716843093827
2010-04-01,porto_alegre,410.9493935094621,-0.262003378663703,-0.3724290891543796
2010-05-01,porto_alegre,241.80292561028062,-0.39122638776137303,-0.5078984913490235
2010-06-01,porto_alegre,223.11288318453376,0.004977952036295072,-0.002833056141024956
2010-07-01,porto_alegre,228.52279533875299,0.024552151385819922,0.0932140466480992
2010-08-01,porto_alegre,158.9025844234021,0.751512731567712,0.8341555778726907
2010-09-01,porto_alegre,102.8588281304211,0.5029995531141681,0.5223920056308607
2010-10-01,porto_alegre,141.6376194700245,-0.010583368429024282,-0.19495373776033495
2010-11-01,porto_alegre,248.03331109520832,0.27435329750085446,0.11481728801997555
