date,lat,lon,precip
1987-09-01,-2.25,299.75,172.99000549316406
1987-09-01,-2.75,299.75,114.66999816894531
1987-09-01,-2.25,300.25,153.27000427246094
1987-09-01,-2.75,300.25,105.68000030517578
1987-09-01,-2.25,300.75,112.02999877929688
1987-09-01,-2.75,300.75,104.33999633789062
1987-10-01,-2.25,299.75,115.58000183105469
1987-10-01,-2.75,299.75,97.5199966430664
1987-10-01,-2.25,300.25,90.56999969482422
1987-10-01,-2.75,300.25,80.19000244140625
1987-10-01,-2.25,300.75,66.86000061035156
1987-10-01,-2.75,300.75,84.5
1987-11-01,-2.25,299.75,80.13999938964844
1987-11-01,-2.75,299.75,116.05999755859375
1987-11-01,-2.25,300.25,67.2300033569336
1987-11-01,-2.75,300.25,109.4800033569336
1987-11-01,-2.25,300.75,48.439998626708984
1987-11-01,-2.75,300.75,67.0199966430664
1987-12-01,-2.25,299.75,160.94000244140625
1987-12-01,-2.75,299.75,192.3000030517578
1987-12-01,-2.25,300.25,182.3300018310547
1987-12-01,-2.75,300.25,198.94000244140625
1987-12-01,-2.25,300.75,202.89999389648438
1987-12-01,-2.75,300.75,161.1699981689453
1988-01-01,-2.25,299.75,401.9700012207031
1988-01-01,-2.75,299.75,421.3299865722656
1988-01-01,-2.25,300.25,373.7300109863281
1988-01-01,-2.75,300.25,314.8299865722656
1988-01-01,-2.25,300.75,326.1400146484375
1988-01-01,-2.75,300.75,287.8999938964844
1988-02-01,-2.25,299.75,349.9800109863281
1988-02-01,-2.75,299.75,554.739990234375
1988-02-01,-2.25,300.25,320.19000244140625
1988-02-01,-2.75,300.25,445.4599914550781
1988-02-01,-2.25,300.75,293.6199951171875
1988-02-01,-2.75,300.75,285.75
1988-03-01,-2.25,299.75,278.7099914550781
1988-03-01,-2.75,299.75,236.85000610351562
1988-03-01,-2.25,300.25,317.4599914550781
1988-03-01,-2.75,300.25,266.0199890136719
1988-03-01,-2.25,300.75,301.1300048828125
1988-03-01,-2.75,300.75,256.5299987792969
1988-04-01,-2.25,299.75,353.6700134277344
1988-04-01,-2.75,299.75,269.4100036621094
1988-04-01,-2.25,300.25,359.260009765625
1988-04-01,-2.75,300.25,260.79998779296875
1988-04-01,-2.25,300.75,281.2900085449219
1988-04-01,-2.75,300.75,202.9199981689453
1988-05-01,-2.25,299.75,521.17999267578125
1988-05-01,-2.75,299.75,361.0899963378906
1988-05-01,-2.25,300.25,525.3499755859375
1988-05-01,-2.75,300.25,381.3399963378906
1988-05-01,-2.25,300.75,460.1600036621094
1988-05-01,-2.75,300.75,417.5199890136719
1988-06-01,-2.25,299.75,280.9700012207031
1988-06-01,-2.75,299.75,216.33999633789062
1988-06-01,-2.25,300.25,289.2300109863281
1988-06-01,-2.75,300.25,252.0800018310547
1988-06-01,-2.25,300.75,279.739990234375
1988-06-01,-2.75,300.75,281.239990234375
1988-07-01,-2.25,299.75,234.66000366210938
1988-07-01,-2.75,299.75,121.1500015258789
1988-07-01,-2.25,300.25,247.22999572753906
1988-07-01,-2.75,300.25,133.36000061035156
1988-07-01,-2.25,300.75,176.11000061035156
1988-07-01,-2.75,300.75,118.6500015258789
1988-08-01,-2.25,299.75,88.37999725341797
1988-08-01,-2.75,299.75,54.959999084472656
1988-08-01,-2.25,300.25,78.5199966430664
1988-08-01,-2.75,300.25,54.25
1988-08-01,-2.25,300.75,49.43000030517578
1988-08-01,-2.75,300.75,44.060001373291016
1988-09-01,-2.25,299.75,142.47000122070312
1988-09-01,-2.75,299.75,123.41999816894531
1988-09-01,-2.25,300.25,119.0999984741211
1988-09-01,-2.75,300.25,106.52999877929688
1988-09-01,-2.25,300.75,52.93000030517578
1988-09-01,-2.75,300.75,41.880001068115234
1988-10-01,-2.25,299.75,232.60000610351562
1988-10-01,-2.75,299.75,164.4199981689453
1988-10-01,-2.25,300.25,225.25
1988-10-01,-2.75,300.25,168.5500030517578
1988-10-01,-2.25,300.75,200.83999633789062
1988-10-01,-2.75,300.75,202.85000610351562
1988-11-01,-2.25,299.75,383
1988-11-01,-2.75,299.75,303.05999755859375
1988-11-01,-2.25,300.25,370.3800048828125
1988-11-01,-2.75,300.25,264.5400085449219
1988-11-01,-2.25,300.75,272.489990234375
1988-11-01,-2.75,300.75,216.9199981689453
1988-12-01,-2.25,299.75,322.32000732421875
1988-12-01,-2.75,299.75,359.2799987792969
1988-12-01,-2.25,300.25,323.30999755859375
1988-12-01,-2.75,300.25,361.8699951171875
1988-12-01,-2.25,300.75,273.54998779296875
1988-12-01,-2.75,300.75,277.1199951171875
1989-01-01,-2.25,299.75,296.2799987792969
1989-01-01,-2.75,299.75,354.8999938964844
1989-01-01,-2.25,300.25,283.6300048828125
1989-01-01,-2.75,300.25,334.6000061035156
1989-01-01,-2.25,300.75,251.47000122070312
1989-01-01,-2.75,300.75,261.05999755859375
1989-02-01,-2.25,299.75,337.2300109863281
1989-02-01,-2.75,299.75,444.2699890136719
1989-02-01,-2.25,300.25,338.95001220703125
1989-02-01,-2.75,300.25,391.9599914550781
1989-02-01,-2.25,300.75,368.55999755859375
1989-02-01,-2.75,300.75,367.8299865722656
1989-03-01,-2.25,299.75,332.67999267578125
1989-03-01,-2.75,299.75,337.44000244140625
1989-03-01,-2.25,300.25,322.1099853515625
1989-03-01,-2.75,300.25,293.54998779296875
1989-03-01,-2.25,300.75,368.8900146484375
1989-03-01,-2.75,300.75,362.6499938964844
1989-04-01,-2.25,299.75,393.3399963378906
1989-04-01,-2.75,299.75,382.9599914550781
1989-04-01,-2.25,300.25,375.25
1989-04-01,-2.75,300.25,351.6600036621094
1989-04-01,-2.25,300.75,328.19000244140625
1989-04-01,-2.75,300.75,291.07000732421875
1989-05-01,-2.25,299.75,605.34002685546875
1989-05-01,-2.75,299.75,496.5299987792969
1989-05-01,-2.25,300.25,602.8699951171875
1989-05-01,-2.75,300.25,528.29998779296875
1989-05-01,-2.25,300.75,480.0400085449219
1989-05-01,-2.75,300.75,425.6600036621094
1989-06-01,-2.25,299.75,316.05999755859375
1989-06-01,-2.75,299.75,236.6699981689453
1989-06-01,-2.25,300.25,312.2900085449219
1989-06-01,-2.75,300.25,243.25
1989-06-01,-2.25,300.75,307.2099914550781
1989-06-01,-2.75,300.75,300.2699890136719
1989-07-01,-2.25,299.75,170.91000366210938
1989-07-01,-2.75,299.75,148.49000549316406
1989-07-01,-2.25,300.25,164.9499969482422
1989-07-01,-2.75,300.25,153.0500030517578
1989-07-01,-2.25,300.75,128.41000366210938
1989-07-01,-2.75,300.75,126.77999877929688
1989-08-01,-2.25,299.75,120.13999938964844
1989-08-01,-2.75,299.75,58.7599983215332
1989-08-01,-2.25,300.25,112.97000122070312
1989-08-01,-2.75,300.25,57.2400016784668
1989-08-01,-2.25,300.75,82.76000213623047
1989-08-01,-2.75,300.75,65.2699966430664
1989-09-01,-2.25,299.75,137.77000427246094
1989-09-01,-2.75,299.75,140.88999938964844
1989-09-01,-2.25,300.25,124.80999755859375
1989-09-01,-2.75,300.25,141.05999755859375
1989-09-01,-2.25,300.75,106.25
1989-09-01,-2.75,300.75,133.05999755859375
1989-10-01,-2.25,299.75,228.1199951171875
1989-10-01,-2.75,299.75,206.64999389648438
1989-10-01,-2.25,300.25,216
1989-10-01,-2.75,300.25,192.35000610351562
1989-10-01,-2.25,300.75,158.83999633789062
1989-10-01,-2.75,300.75,152.1300048828125
1989-11-01,-2.25,299.75,301.5400085449219
1989-11-01,-2.75,299.75,298.7699890136719
1989-11-01,-2.25,300.25,301.6400146484375
1989-11-01,-2.75,300.25,313.17999267578125
1989-11-01,-2.25,300.75,277.6700134277344
1989-11-01,-2.75,300.75,304.25
1989-12-01,-2.25,299.75,235.52000427246094
1989-12-01,-2.75,299.75,238.6699981689453
1989-12-01,-2.25,300.25,210.17999267578125
1989-12-01,-2.75,300.25,169.5500030517578
1989-12-01,-2.25,300.75,171.67999267578125
1989-12-01,-2.75,300.75,152.11000061035156
1990-01-01,-2.25,299.75,198.10000610351562
1990-01-01,-2.75,299.75,251.99000549316406
1990-01-01,-2.25,300.25,191.32000732421875
1990-01-01,-2.75,300.25,235.75
1990-01-01,-2.25,300.75,204.60000610351562
1990-01-01,-2.75,300.75,235.9199981689453
1990-02-01,-2.25,299.75,277.3999938964844
1990-02-01,-2.75,299.75,279.2200012207031
1990-02-01,-2.25,300.25,278.1600036621094
1990-02-01,-2.75,300.25,219.25999450683594
1990-02-01,-2.25,300.75,246.3300018310547
1990-02-01,-2.75,300.75,171.47000122070312
1990-03-01,-2.25,299.75,353.989990234375
1990-03-01,-2.75,299.75,270.5
1990-03-01,-2.25,300.25,400.8500061035156
1990-03-01,-2.75,300.25,327.4100036621094
1990-03-01,-2.25,300.75,384.2799987792969
1990-03-01,-2.75,300.75,332.6099853515625
1990-04-01,-2.25,299.75,380.0400085449219
1990-04-01,-2.75,299.75,352.45001220703125
1990-04-01,-2.25,300.25,350.95001220703125
1990-04-01,-2.75,300.25,312.7699890136719
1990-04-01,-2.25,300.75,416.20001220703125
1990-04-01,-2.75,300.75,439.79998779296875
1990-05-01,-2.25,299.75,362.2300109863281
1990-05-01,-2.75,299.75,327.6499938964844
1990-05-01,-2.25,300.25,311.7799987792969
1990-05-01,-2.75,300.25,269.55999755859375
1990-05-01,-2.25,300.75,260.0299987792969
1990-05-01,-2.75,300.75,256.2300109863281
1990-06-01,-2.25,299.75,275.30999755859375
1990-06-01,-2.75,299.75,171.50999450683594
1990-06-01,-2.25,300.25,274.8399963378906
1990-06-01,-2.75,300.25,148.19000244140625
1990-06-01,-2.25,300.75,191.5399932861328
1990-06-01,-2.75,300.75,118.91000366210938
1990-07-01,-2.25,299.75,125.19000244140625
1990-07-01,-2.75,299.75,104.63999938964844
1990-07-01,-2.25,300.25,122.36000061035156
1990-07-01,-2.75,300.25,129.8699951171875
1990-07-01,-2.25,300.75,143.83999633789062
1990-07-01,-2.75,300.75,180.72999572753906
1990-08-01,-2.25,299.75,165.00999450683594
1990-08-01,-2.75,299.75,104.20999908447266
1990-08-01,-2.25,300.25,158.66000366210938
1990-08-01,-2.75,300.25,96.98999786376953
1990-08-01,-2.25,300.75,97.23999786376953
1990-08-01,-2.75,300.75,59.63999938964844
1990-09-01,-2.25,299.75,92.29000091552734
1990-09-01,-2.75,299.75,79.88999938964844
1990-09-01,-2.25,300.25,66.089996337890625
1990-09-01,-2.75,300.25,50.7400016784668
1990-09-01,-2.25,300.75,37.689998626708984
1990-09-01,-2.75,300.75,46.869998931884766
1990-10-01,-2.25,299.75,31.989999771118164
1990-10-01,-2.75,299.75,70.08000183105469
1990-10-01,-2.25,300.25,10.829999923706055
1990-10-01,-2.75,300.25,61.779998779296875
1990-10-01,-2.25,300.75,30.100000381469727
1990-10-01,-2.75,300.75,93.48999786376953
1990-11-01,-2.25,299.75,196.69000244140625
1990-11-01,-2.75,299.75,154.55999755859375
1990-11-01,-2.25,300.25,180.17999267578125
1990-11-01,-2.75,300.25,140.25
1990-11-01,-2.25,300.75,100.7300033569336
1990-11-01,-2.75,300.75,78.30000305175781
1990-12-01,-2.25,299.75,216.2899932861328
1990-12-01,-2.75,299.75,207.1199951171875
1990-12-01,-2.25,300.25,192.32000732421875
1990-12-01,-2.75,300.25,192.77999877929688
1990-12-01,-2.25,300.75,200.83999633789062
1990-12-01,-2.75,300.75,222
1991-01-01,-2.25,299.75,237.8800048828125
1991-01-01,-2.75,299.75,314.4100036621094
1991-01-01,-2.25,300.25,227.82000732421875
1991-01-01,-2.75,300.25,305.1499938964844
1991-01-01,-2.25,300.75,227.75999450683594
1991-01-01,-2.75,300.75,264.67999267578125
1991-02-01,-2.25,299.75,228.80999755859375
1991-02-01,-2.75,299.75,304.989990234375
1991-02-01,-2.25,300.25,195.83999633789062
1991-02-01,-2.75,300.25,216.4199981689453
1991-02-01,-2.25,300.75,170.97000122070312
1991-02-01,-2.75,300.75,163.8800048828125
1991-03-01,-2.25,299.75,332.4800109863281
1991-03-01,-2.75,299.75,381.94000244140625
1991-03-01,-2.25,300.25,305.010009765625
1991-03-01,-2.75,300.25,305.8299865722656
1991-03-01,-2.25,300.75,327.1199951171875
1991-03-01,-2.75,300.75,322.0899963378906
1991-04-01,-2.25,299.75,387.6600036621094
1991-04-01,-2.75,299.75,372.8500061035156
1991-04-01,-2.25,300.25,329.5299987792969
1991-04-01,-2.75,300.25,299.1300048828125
1991-04-01,-2.25,300.75,213.50999450683594
1991-04-01,-2.75,300.75,190.91000366210938
1991-05-01,-2.25,299.75,324.8699951171875
1991-05-01,-2.75,299.75,266.1300048828125
1991-05-01,-2.25,300.25,297.2099914550781
1991-05-01,-2.75,300.25,253.9600067138672
1991-05-01,-2.25,300.75,257.4800109863281
1991-05-01,-2.75,300.75,256.57000732421875
1991-06-01,-2.25,299.75,269.4800109863281
1991-06-01,-2.75,299.75,190.52999877929688
1991-06-01,-2.25,300.25,259.0400085449219
1991-06-01,-2.75,300.25,169.85000610351562
1991-06-01,-2.25,300.75,196.0399932861328
1991-06-01,-2.75,300.75,148.38999938964844
1991-07-01,-2.25,299.75,164.9600067138672
1991-07-01,-2.75,299.75,180.6199951171875
1991-07-01,-2.25,300.25,139.88999938964844
1991-07-01,-2.75,300.25,154.52000427246094
1991-07-01,-2.25,300.75,104.12999725341797
1991-07-01,-2.75,300.75,112.08999633789062
1991-08-01,-2.25,299.75,119.69999694824219
1991-08-01,-2.75,299.75,81.970001220703125
1991-08-01,-2.25,300.25,115.7699966430664
1991-08-01,-2.75,300.25,80.93000030517578
1991-08-01,-2.25,300.75,101.93000030517578
1991-08-01,-2.75,300.75,101.22000122070312
1991-09-01,-2.25,299.75,88.20999908447266
1991-09-01,-2.75,299.75,84.87999725341797
1991-09-01,-2.25,300.25,57.13999938964844
1991-09-01,-2.75,300.25,59.119998931884766
1991-09-01,-2.25,300.75,38.720001220703125
1991-09-01,-2.75,300.75,59.970001220703125
1991-10-01,-2.25,299.75,131.2899932861328
1991-10-01,-2.75,299.75,107.87999725341797
1991-10-01,-2.25,300.25,157.8800048828125
1991-10-01,-2.75,300.25,126.7300033569336
1991-10-01,-2.25,300.75,180.94000244140625
1991-10-01,-2.75,300.75,139.4499969482422
1991-11-01,-2.25,299.75,34.88999938964844
1991-11-01,-2.75,299.75,42.619998931884766
1991-11-01,-2.25,300.25,32.56999969482422
1991-11-01,-2.75,300.25,37.029998779296875
1991-11-01,-2.25,300.75,28.489999771118164
1991-11-01,-2.75,300.75,27.899999618530273
1991-12-01,-2.25,299.75,25.6299991607666
1991-12-01,-2.75,299.75,87.66999816894531
1991-12-01,-2.25,300.25,26.84000015258789
1991-12-01,-2.75,300.25,99.44999694824219
1991-12-01,-2.25,300.75,43.970001220703125
1991-12-01,-2.75,300.75,93.970001220703125
1992-01-01,-2.25,299.75,84.56999969482422
1992-01-01,-2.75,299.75,183.00999450683594
1992-01-01,-2.25,300.25,80.55000305175781
1992-01-01,-2.75,300.25,171.41000366210938
1992-01-01,-2.25,300.75,101.56999969482422
1992-01-01,-2.75,300.75,121.63999938964844
1992-02-01,-2.25,299.75,169.6999969482422
1992-02-01,-2.75,299.75,186.5
1992-02-01,-2.25,300.25,183.0500030517578
1992-02-01,-2.75,300.25,215.1199951171875
1992-02-01,-2.25,300.75,235.27999877929688
1992-02-01,-2.75,300.75,301.3900146484375
1992-03-01,-2.25,299.75,274.1499938964844
1992-03-01,-2.75,299.75,357.70001220703125
1992-03-01,-2.25,300.25,272.3699951171875
1992-03-01,-2.75,300.25,307.6000061035156
1992-03-01,-2.25,300.75,305.5799865722656
1992-03-01,-2.75,300.75,272.7699890136719
1992-04-01,-2.25,299.75,213.14999389648438
1992-04-01,-2.75,299.75,193.38999938964844
1992-04-01,-2.25,300.25,228
1992-04-01,-2.75,300.25,210.3800048828125
1992-04-01,-2.25,300.75,241.0500030517578
1992-04-01,-2.75,300.75,217.10000610351562
1992-05-01,-2.25,299.75,155.05999755859375
1992-05-01,-2.75,299.75,136.72999572753906
1992-05-01,-2.25,300.25,169.89999389648438
1992-05-01,-2.75,300.25,140.80999755859375
1992-05-01,-2.25,300.75,198.27999877929688
1992-05-01,-2.75,300.75,163.52999877929688
1992-06-01,-2.25,299.75,48.40999984741211
1992-06-01,-2.75,299.75,56.83000183105469
1992-06-01,-2.25,300.25,36.22999954223633
1992-06-01,-2.75,300.25,49.220001220703125
1992-06-01,-2.25,300.75,38.04999923706055
1992-06-01,-2.75,300.75,49.68000030517578
1992-07-01,-2.25,299.75,67.5
1992-07-01,-2.75,299.75,88.56999969482422
1992-07-01,-2.25,300.25,74.43000030517578
1992-07-01,-2.75,300.25,97.029998779296875
1992-07-01,-2.25,300.75,101.22000122070312
1992-07-01,-2.75,300.75,119.91999816894531
1992-08-01,-2.25,299.75,157.4600067138672
1992-08-01,-2.75,299.75,115.08999633789062
1992-08-01,-2.25,300.25,161.36000061035156
1992-08-01,-2.75,300.25,127.0999984741211
1992-08-01,-2.25,300.75,141.85000610351562
1992-08-01,-2.75,300.75,130.85000610351562
1992-09-01,-2.25,299.75,168.8000030517578
1992-09-01,-2.75,299.75,102.33999633789062
1992-09-01,-2.25,300.25,153.67999267578125
1992-09-01,-2.75,300.25,108.01000213623047
1992-09-01,-2.25,300.75,103.68000030517578
1992-09-01,-2.75,300.75,71.43000030517578
1992-10-01,-2.25,299.75,157.99000549316406
1992-10-01,-2.75,299.75,106.79000091552734
1992-10-01,-2.25,300.25,106.94999694824219
1992-10-01,-2.75,300.25,89.33000183105469
1992-10-01,-2.25,300.75,28.049999237060547
1992-10-01,-2.75,300.75,43.06999969482422
1992-11-01,-2.25,299.75,230.2100067138672
1992-11-01,-2.75,299.75,109.76000213623047
1992-11-01,-2.25,300.25,211.44000244140625
1992-11-01,-2.75,300.25,128
1992-11-01,-2.25,300.75,134.47999572753906
1992-11-01,-2.75,300.75,143.97999572753906
1992-12-01,-2.25,299.75,220.5800018310547
1992-12-01,-2.75,299.75,218.63999938964844
1992-12-01,-2.25,300.25,229.42999267578125
1992-12-01,-2.75,300.25,258.6700134277344
1992-12-01,-2.25,300.75,221.07000732421875
1992-12-01,-2.75,300.75,261.8399963378906
1993-01-01,-2.25,299.75,370.510009765625
1993-01-01,-2.75,299.75,367.5299987792969
1993-01-01,-2.25,300.25,307.4800109863281
1993-01-01,-2.75,300.25,362.2799987792969
1993-01-01,-2.25,300.75,229.67999267578125
1993-01-01,-2.75,300.75,293.6099853515625
1993-02-01,-2.25,299.75,320.3500061035156
1993-02-01,-2.75,299.75,435.7300109863281
1993-02-01,-2.25,300.25,332.0299987792969
1993-02-01,-2.75,300.25,465.20001220703125
1993-02-01,-2.25,300.75,316.8800048828125
1993-02-01,-2.75,300.75,326.8399963378906
1993-03-01,-2.25,299.75,283.6600036621094
1993-03-01,-2.75,299.75,275.2300109863281
1993-03-01,-2.25,300.25,397.3900146484375
1993-03-01,-2.75,300.25,303.1400146484375
1993-03-01,-2.25,300.75,452.3399963378906
1993-03-01,-2.75,300.75,391.17999267578125
1993-04-01,-2.25,299.75,337.5799865722656
1993-04-01,-2.75,299.75,290
1993-04-01,-2.25,300.25,347.44000244140625
1993-04-01,-2.75,300.25,340.17999267578125
1993-04-01,-2.25,300.75,337.70001220703125
1993-04-01,-2.75,300.75,337.6199951171875
1993-05-01,-2.25,299.75,205.49000549316406
1993-05-01,-2.75,299.75,148.13999938964844
1993-05-01,-2.25,300.25,241.66000366210938
1993-05-01,-2.75,300.25,174.13999938964844
1993-05-01,-2.25,300.75,267.17999267578125
1993-05-01,-2.75,300.75,175.1999969482422
1993-06-01,-2.25,299.75,158.57000732421875
1993-06-01,-2.75,299.75,102.70999908447266
1993-06-01,-2.25,300.25,229.39999389648438
1993-06-01,-2.75,300.25,131.7899932861328
1993-06-01,-2.25,300.75,301.5400085449219
1993-06-01,-2.75,300.75,173.19000244140625
1993-07-01,-2.25,299.75,103.30999755859375
1993-07-01,-2.75,299.75,74.62999725341797
1993-07-01,-2.25,300.25,98.529998779296875
1993-07-01,-2.75,300.25,63.97999954223633
1993-07-01,-2.25,300.75,87.279998779296875
1993-07-01,-2.75,300.75,75.81999969482422
1993-08-01,-2.25,299.75,136.35000610351562
1993-08-01,-2.75,299.75,78.19999694824219
1993-08-01,-2.25,300.25,126.55000305175781
1993-08-01,-2.75,300.25,92.75
1993-08-01,-2.25,300.75,98.660003662109375
1993-08-01,-2.75,300.75,128.55999755859375
1993-09-01,-2.25,299.75,94.6500015258789
1993-09-01,-2.75,299.75,89.779998779296875
1993-09-01,-2.25,300.25,106.52999877929688
1993-09-01,-2.75,300.25,75.44999694824219
1993-09-01,-2.25,300.75,139.75999450683594
1993-09-01,-2.75,300.75,106.2699966430664
1993-10-01,-2.25,299.75,195.27000427246094
1993-10-01,-2.75,299.75,141.13999938964844
1993-10-01,-2.25,300.25,183.8800048828125
1993-10-01,-2.75,300.25,147.57000732421875
1993-10-01,-2.25,300.75,160.32000732421875
1993-10-01,-2.75,300.75,170.7899932861328
1993-11-01,-2.25,299.75,126.91999816894531
1993-11-01,-2.75,299.75,148.8800048828125
1993-11-01,-2.25,300.25,139.00999450683594
1993-11-01,-2.75,300.25,186.02000427246094
1993-11-01,-2.25,300.75,153.32000732421875
1993-11-01,-2.75,300.75,210.13999938964844
1993-12-01,-2.25,299.75,165.55999755859375
1993-12-01,-2.75,299.75,237.38999938964844
1993-12-01,-2.25,300.25,174.8800048828125
1993-12-01,-2.75,300.25,224.55999755859375
1993-12-01,-2.25,300.75,201.14999389648438
1993-12-01,-2.75,300.75,196.57000732421875
1994-01-01,-2.25,299.75,293.19000244140625
1994-01-01,-2.75,299.75,354.3900146484375
1994-01-01,-2.25,300.25,263.1099853515625
1994-01-01,-2.75,300.25,334.6499938964844
1994-01-01,-2.25,300.75,278.5299987792969
1994-01-01,-2.75,300.75,308.44000244140625
1994-02-01,-2.25,299.75,172.24000549316406
1994-02-01,-2.75,299.75,314.67999267578125
1994-02-01,-2.25,300.25,217.63999938964844
1994-02-01,-2.75,300.25,337.0299987792969
1994-02-01,-2.25,300.75,315.1600036621094
1994-02-01,-2.75,300.75,346.7200012207031
1994-03-01,-2.25,299.75,250.9600067138672
1994-03-01,-2.75,299.75,269.44000244140625
1994-03-01,-2.25,300.25,303.3299865722656
1994-03-01,-2.75,300.25,283.0199890136719
1994-03-01,-2.25,300.75,380.760009765625
1994-03-01,-2.75,300.75,341.6499938964844
1994-04-01,-2.25,299.75,270.1400146484375
1994-04-01,-2.75,299.75,267.1499938964844
1994-04-01,-2.25,300.25,273.07000732421875
1994-04-01,-2.75,300.25,257
1994-04-01,-2.25,300.75,317.44000244140625
1994-04-01,-2.75,300.75,267.80999755859375
1994-05-01,-2.25,299.75,179.9499969482422
1994-05-01,-2.75,299.75,188.99000549316406
1994-05-01,-2.25,300.25,225.57000732421875
1994-05-01,-2.75,300.25,224.2100067138672
1994-05-01,-2.25,300.75,307.2900085449219
1994-05-01,-2.75,300.75,315.6499938964844
1994-06-01,-2.25,299.75,129.32000732421875
1994-06-01,-2.75,299.75,142.27999877929688
1994-06-01,-2.25,300.25,97.970001220703125
1994-06-01,-2.75,300.25,114.61000061035156
1994-06-01,-2.25,300.75,88.720001220703125
1994-06-01,-2.75,300.75,117.31999969482422
1994-07-01,-2.25,299.75,63.79999923706055
1994-07-01,-2.75,299.75,72.25
1994-07-01,-2.25,300.25,35.31999969482422
1994-07-01,-2.75,300.25,38.220001220703125
1994-07-01,-2.25,300.75,21.729999542236328
1994-07-01,-2.75,300.75,47.650001525878906
1994-08-01,-2.25,299.75,161.39999389648438
1994-08-01,-2.75,299.75,133.1699981689453
1994-08-01,-2.25,300.25,115.7300033569336
1994-08-01,-2.75,300.25,107.33000183105469
1994-08-01,-2.25,300.75,70.2699966430664
1994-08-01,-2.75,300.75,93.55000305175781
1994-09-01,-2.25,299.75,134.57000732421875
1994-09-01,-2.75,299.75,80.62000274658203
1994-09-01,-2.25,300.25,111.12000274658203
1994-09-01,-2.75,300.25,91.95999908447266
1994-09-01,-2.25,300.75,65.2300033569336
1994-09-01,-2.75,300.75,105.19999694824219
1994-10-01,-2.25,299.75,57.9900016784668
1994-10-01,-2.75,299.75,93.0999984741211
1994-10-01,-2.25,300.25,54.459999084472656
1994-10-01,-2.75,300.25,102.01000213623047
1994-10-01,-2.25,300.75,73.04000091552734
1994-10-01,-2.75,300.75,155.02000427246094
1994-11-01,-2.25,299.75,182.25
1994-11-01,-2.75,299.75,175.00999450683594
1994-11-01,-2.25,300.25,140.9600067138672
1994-11-01,-2.75,300.25,153.22999572753906
1994-11-01,-2.25,300.75,78.43000030517578
1994-11-01,-2.75,300.75,87.29000091552734
1994-12-01,-2.25,299.75,95.0199966430664
1994-12-01,-2.75,299.75,201.11000061035156
1994-12-01,-2.25,300.25,99.2300033569336
1994-12-01,-2.75,300.25,170.0800018310547
1994-12-01,-2.25,300.75,145.80999755859375
1994-12-01,-2.75,300.75,126.86000061035156
1995-01-01,-2.25,299.75,81.98999786376953
1995-01-01,-2.75,299.75,204.6999969482422
1995-01-01,-2.25,300.25,95.58000183105469
1995-01-01,-2.75,300.25,213.2899932861328
1995-01-01,-2.25,300.75,144.47999572753906
1995-01-01,-2.75,300.75,191.47000122070312
1995-02-01,-2.25,299.75,92.9000015258789
1995-02-01,-2.75,299.75,139.2899932861328
1995-02-01,-2.25,300.25,145.32000732421875
1995-02-01,-2.75,300.25,166.3300018310547
1995-02-01,-2.25,300.75,239.47000122070312
1995-02-01,-2.75,300.75,225.3300018310547
1995-03-01,-2.25,299.75,227.83999633789062
1995-03-01,-2.75,299.75,318.239990234375
1995-03-01,-2.25,300.25,244.3800048828125
1995-03-01,-2.75,300.25,288.3500061035156
1995-03-01,-2.25,300.75,316.8500061035156
1995-03-01,-2.75,300.75,309.9800109863281
1995-04-01,-2.25,299.75,282.80999755859375
1995-04-01,-2.75,299.75,328.2099914550781
1995-04-01,-2.25,300.25,300.1400146484375
1995-04-01,-2.75,300.25,370.32000732421875
1995-04-01,-2.25,300.75,306.4599914550781
1995-04-01,-2.75,300.75,298.5199890136719
1995-05-01,-2.25,299.75,299.4800109863281
1995-05-01,-2.75,299.75,223.64999389648438
1995-05-01,-2.25,300.25,306.2099914550781
1995-05-01,-2.75,300.25,254.58999633789062
1995-05-01,-2.25,300.75,278.7200012207031
1995-05-01,-2.75,300.75,283.70001220703125
1995-06-01,-2.25,299.75,163.00999450683594
1995-06-01,-2.75,299.75,126.5999984741211
1995-06-01,-2.25,300.25,174.75999450683594
1995-06-01,-2.75,300.25,127.30999755859375
1995-06-01,-2.25,300.75,176.64999389648438
1995-06-01,-2.75,300.75,124.05000305175781
1995-07-01,-2.25,299.75,135.61000061035156
1995-07-01,-2.75,299.75,83.81999969482422
1995-07-01,-2.25,300.25,117.69999694824219
1995-07-01,-2.75,300.25,86.54000091552734
1995-07-01,-2.25,300.75,77.68000030517578
1995-07-01,-2.75,300.75,74.41999816894531
1995-08-01,-2.25,299.75,99.910003662109375
1995-08-01,-2.75,299.75,83
1995-08-01,-2.25,300.25,71.76000213623047
1995-08-01,-2.75,300.25,56.560001373291016
1995-08-01,-2.25,300.75,32.939998626708984
1995-08-01,-2.75,300.75,40.95000076293945
1995-09-01,-2.25,299.75,129.63999938964844
1995-09-01,-2.75,299.75,115.62999725341797
1995-09-01,-2.25,300.25,99.87000274658203
1995-09-01,-2.75,300.25,87.66999816894531
1995-09-01,-2.25,300.75,60.5099983215332
1995-09-01,-2.75,300.75,66.58000183105469
1995-10-01,-2.25,299.75,166.0399932861328
1995-10-01,-2.75,299.75,141.50999450683594
1995-10-01,-2.25,300.25,117.33000183105469
1995-10-01,-2.75,300.25,97.4000015258789
1995-10-01,-2.25,300.75,59.400001525878906
1995-10-01,-2.75,300.75,61.209999084472656
1995-11-01,-2.25,299.75,226.9499969482422
1995-11-01,-2.75,299.75,371.989990234375
1995-11-01,-2.25,300.25,214.6300048828125
1995-11-01,-2.75,300.25,290.9200134277344
1995-11-01,-2.25,300.75,267.2300109863281
1995-11-01,-2.75,300.75,295.1000061035156
1995-12-01,-2.25,299.75,178.66000366210938
1995-12-01,-2.75,299.75,293.2699890136719
1995-12-01,-2.25,300.25,136.86000061035156
1995-12-01,-2.75,300.25,178.6199951171875
1995-12-01,-2.25,300.75,156.02999877929688
1995-12-01,-2.75,300.75,168.6699981689453
1996-01-01,-2.25,299.75,340.54998779296875
1996-01-01,-2.75,299.75,660.33001708984375
1996-01-01,-2.25,300.25,285.760009765625
1996-01-01,-2.75,300.25,456.3699951171875
1996-01-01,-2.25,300.75,313.3699951171875
1996-01-01,-2.75,300.75,308.6099853515625
1996-02-01,-2.25,299.75,227.52000427246094
1996-02-01,-2.75,299.75,381.79998779296875
1996-02-01,-2.25,300.25,248.83999633789062
1996-02-01,-2.75,300.25,285.05999755859375
1996-02-01,-2.25,300.75,350.6499938964844
1996-02-01,-2.75,300.75,305.7200012207031
1996-03-01,-2.25,299.75,444.05999755859375
1996-03-01,-2.75,299.75,650.219970703125
1996-03-01,-2.25,300.25,375.3299865722656
1996-03-01,-2.75,300.25,399.9100036621094
1996-03-01,-2.25,300.75,420
1996-03-01,-2.75,300.75,424.30999755859375
1996-04-01,-2.25,299.75,331.82000732421875
1996-04-01,-2.75,299.75,419.6600036621094
1996-04-01,-2.25,300.25,303.2099914550781
1996-04-01,-2.75,300.25,366.17999267578125
1996-04-01,-2.25,300.75,299
1996-04-01,-2.75,300.75,332.6700134277344
1996-05-01,-2.25,299.75,272.4700012207031
1996-05-01,-2.75,299.75,262.1400146484375
1996-05-01,-2.25,300.25,293.9800109863281
1996-05-01,-2.75,300.25,225.77000427246094
1996-05-01,-2.25,300.75,348.3999938964844
1996-05-01,-2.75,300.75,330.70001220703125
1996-06-01,-2.25,299.75,184.66000366210938
1996-06-01,-2.75,299.75,218.86000061035156
1996-06-01,-2.25,300.25,205.72000122070312
1996-06-01,-2.75,300.25,186.52000427246094
1996-06-01,-2.25,300.75,243.52999877929688
1996-06-01,-2.75,300.75,196.16000366210938
1996-07-01,-2.25,299.75,154.3800048828125
1996-07-01,-2.75,299.75,160.22999572753906
1996-07-01,-2.25,300.25,144.61000061035156
1996-07-01,-2.75,300.25,150.97999572753906
1996-07-01,-2.25,300.75,116.97000122070312
1996-07-01,-2.75,300.75,94.839996337890625
1996-08-01,-2.25,299.75,136.8300018310547
1996-08-01,-2.75,299.75,91.839996337890625
1996-08-01,-2.25,300.25,147.52000427246094
1996-08-01,-2.75,300.25,102.87999725341797
1996-08-01,-2.25,300.75,140.9199981689453
1996-08-01,-2.75,300.75,111.30999755859375
1996-09-01,-2.25,299.75,80.08000183105469
1996-09-01,-2.75,299.75,94.529998779296875
1996-09-01,-2.25,300.25,106.25
1996-09-01,-2.75,300.25,121.54000091552734
1996-09-01,-2.25,300.75,142.4499969482422
1996-09-01,-2.75,300.75,139.8000030517578
1996-10-01,-2.25,299.75,140.8699951171875
1996-10-01,-2.75,299.75,139.83999633789062
1996-10-01,-2.25,300.25,127.83000183105469
1996-10-01,-2.75,300.25,154.38999938964844
1996-10-01,-2.25,300.75,93.70999908447266
1996-10-01,-2.75,300.75,110.1500015258789
1996-11-01,-2.25,299.75,104.61000061035156
1996-11-01,-2.75,299.75,139.9499969482422
1996-11-01,-2.25,300.25,114.0999984741211
1996-11-01,-2.75,300.25,170.6999969482422
1996-11-01,-2.25,300.75,149.0800018310547
1996-11-01,-2.75,300.75,259.4700012207031
1996-12-01,-2.25,299.75,116.0999984741211
1996-12-01,-2.75,299.75,218.0500030517578
1996-12-01,-2.25,300.25,57.63999938964844
1996-12-01,-2.75,300.25,123.37000274658203
1996-12-01,-2.25,300.75,48.790000915527344
1996-12-01,-2.75,300.75,90.1500015258789
1997-01-01,-2.25,299.75,253.6300048828125
1997-01-01,-2.75,299.75,461.3999938964844
1997-01-01,-2.25,300.25,205.1699981689453
1997-01-01,-2.75,300.25,277.8999938964844
1997-01-01,-2.25,300.75,275.67999267578125
1997-01-01,-2.75,300.75,332.4200134277344
1997-02-01,-2.25,299.75,312.6499938964844
1997-02-01,-2.75,299.75,410.80999755859375
1997-02-01,-2.25,300.25,271.4700012207031
1997-02-01,-2.75,300.25,312.510009765625
1997-02-01,-2.25,300.75,258.5799865722656
1997-02-01,-2.75,300.75,274.260009765625
1997-03-01,-2.25,299.75,326.67999267578125
1997-03-01,-2.75,299.75,501.45001220703125
1997-03-01,-2.25,300.25,302.19000244140625
1997-03-01,-2.75,300.25,440.6000061035156
1997-03-01,-2.25,300.75,333.7099914550781
1997-03-01,-2.75,300.75,410.5400085449219
1997-04-01,-2.25,299.75,257.29998779296875
1997-04-01,-2.75,299.75,260.30999755859375
1997-04-01,-2.25,300.25,206.92999267578125
1997-04-01,-2.75,300.25,216.5800018310547
1997-04-01,-2.25,300.75,173.32000732421875
1997-04-01,-2.75,300.75,213.50999450683594
1997-05-01,-2.25,299.75,272.0799865722656
1997-05-01,-2.75,299.75,282.92999267578125
1997-05-01,-2.25,300.25,211.94000244140625
1997-05-01,-2.75,300.25,220.75999450683594
1997-05-01,-2.25,300.75,145.9199981689453
1997-05-01,-2.75,300.75,169.92999267578125
1997-06-01,-2.25,299.75,84.62999725341797
1997-06-01,-2.75,299.75,33.09000015258789
1997-06-01,-2.25,300.25,82.9800033569336
1997-06-01,-2.75,300.25,39.790000915527344
1997-06-01,-2.25,300.75,67.7300033569336
1997-06-01,-2.75,300.75,61.18000030517578
1997-07-01,-2.25,299.75,31.760000228881836
1997-07-01,-2.75,299.75,16.40999984741211
1997-07-01,-2.25,300.25,22.389999389648438
1997-07-01,-2.75,300.25,9.739999771118164
1997-07-01,-2.25,300.75,9.869999885559082
1997-07-01,-2.75,300.75,13.59000015258789
1997-08-01,-2.25,299.75,92
1997-08-01,-2.75,299.75,113.02999877929688
1997-08-01,-2.25,300.25,74.30999755859375
1997-08-01,-2.75,300.25,93.54000091552734
1997-08-01,-2.25,300.75,60.779998779296875
1997-08-01,-2.75,300.75,60.61000061035156
1997-09-01,-2.25,299.75,28.520000457763672
1997-09-01,-2.75,299.75,42.529998779296875
1997-09-01,-2.25,300.25,10.920000076293945
1997-09-01,-2.75,300.25,24.350000381469727
1997-09-01,-2.25,300.75,1.1100000143051147
1997-09-01,-2.75,300.75,10.210000038146973
1997-10-01,-2.25,299.75,59.040000915527344
1997-10-01,-2.75,299.75,66.87000274658203
1997-10-01,-2.25,300.25,45.5
1997-10-01,-2.75,300.25,63.58000183105469
1997-10-01,-2.25,300.75,36.13999938964844
1997-10-01,-2.75,300.75,63.0099983215332
1997-11-01,-2.25,299.75,163.6699981689453
1997-11-01,-2.75,299.75,180.85000610351562
1997-11-01,-2.25,300.25,169.85000610351562
1997-11-01,-2.75,300.25,180.91000366210938
1997-11-01,-2.25,300.75,182.25
1997-11-01,-2.75,300.75,190.47000122070312
1997-12-01,-2.25,299.75,137.8800048828125
1997-12-01,-2.75,299.75,206.9600067138672
1997-12-01,-2.25,300.25,134.3300018310547
1997-12-01,-2.75,300.25,206.94000244140625
1997-12-01,-2.25,300.75,135.4499969482422
1997-12-01,-2.75,300.75,163.49000549316406
1998-01-01,-2.25,299.75,150.8699951171875
1998-01-01,-2.75,299.75,205.0800018310547
1998-01-01,-2.25,300.25,158.77000427246094
1998-01-01,-2.75,300.25,253.41000366210938
1998-01-01,-2.25,300.75,171.8000030517578
1998-01-01,-2.75,300.75,266.6700134277344
1998-02-01,-2.25,299.75,144.05999755859375
1998-02-01,-2.75,299.75,154.44000244140625
1998-02-01,-2.25,300.25,198.41000366210938
1998-02-01,-2.75,300.25,185.6999969482422
1998-02-01,-2.25,300.75,248.13999938964844
1998-02-01,-2.75,300.75,203.5399932861328
1998-03-01,-2.25,299.75,191.55999755859375
1998-03-01,-2.75,299.75,241.17999267578125
1998-03-01,-2.25,300.25,194.05999755859375
1998-03-01,-2.75,300.25,201.25999450683594
1998-03-01,-2.25,300.75,203.3699951171875
1998-03-01,-2.75,300.75,183.66000366210938
1998-04-01,-2.25,299.75,242.47999572753906
1998-04-01,-2.75,299.75,357.1600036621094
1998-04-01,-2.25,300.25,249.94000244140625
1998-04-01,-2.75,300.25,322.0899963378906
1998-04-01,-2.25,300.75,296.6700134277344
1998-04-01,-2.75,300.75,268.9800109863281
1998-05-01,-2.25,299.75,205.41000366210938
1998-05-01,-2.75,299.75,307.2099914550781
1998-05-01,-2.25,300.25,169.50999450683594
1998-05-01,-2.75,300.25,231.89999389648438
1998-05-01,-2.25,300.75,162.7899932861328
1998-05-01,-2.75,300.75,217.00999450683594
1998-06-01,-2.25,299.75,248.2100067138672
1998-06-01,-2.75,299.75,170.02999877929688
1998-06-01,-2.25,300.25,257.8900146484375
1998-06-01,-2.75,300.25,189.63999938964844
1998-06-01,-2.25,300.75,223.8300018310547
1998-06-01,-2.75,300.75,174.1999969482422
1998-07-01,-2.25,299.75,232.60000610351562
1998-07-01,-2.75,299.75,162.8300018310547
1998-07-01,-2.25,300.25,215.72000122070312
1998-07-01,-2.75,300.25,140.5
1998-07-01,-2.25,300.75,163.13999938964844
1998-07-01,-2.75,300.75,133.4199981689453
1998-08-01,-2.25,299.75,92.38999938964844
1998-08-01,-2.75,299.75,81
1998-08-01,-2.25,300.25,99.8499984741211
1998-08-01,-2.75,300.25,73.04000091552734
1998-08-01,-2.25,300.75,104.08000183105469
1998-08-01,-2.75,300.75,78.55999755859375
1998-09-01,-2.25,299.75,148.1699981689453
1998-09-01,-2.75,299.75,119.0999984741211
1998-09-01,-2.25,300.25,126.5199966430664
1998-09-01,-2.75,300.25,119.41999816894531
1998-09-01,-2.25,300.75,86.720001220703125
1998-09-01,-2.75,300.75,95.23999786376953
1998-10-01,-2.25,299.75,81.88999938964844
1998-10-01,-2.75,299.75,70.81999969482422
1998-10-01,-2.25,300.25,82.66999816894531
1998-10-01,-2.75,300.25,91.19000244140625
1998-10-01,-2.25,300.75,74.970001220703125
1998-10-01,-2.75,300.75,110.04000091552734
1998-11-01,-2.25,299.75,213.6300048828125
1998-11-01,-2.75,299.75,183.86000061035156
1998-11-01,-2.25,300.25,202.9600067138672
1998-11-01,-2.75,300.25,172.61000061035156
1998-11-01,-2.25,300.75,171.85000610351562
1998-11-01,-2.75,300.75,163.30999755859375
1998-12-01,-2.25,299.75,169.80999755859375
1998-12-01,-2.75,299.75,194.4600067138672
1998-12-01,-2.25,300.25,153.1199951171875
1998-12-01,-2.75,300.25,183.41000366210938
1998-12-01,-2.25,300.75,134.7899932861328
1998-12-01,-2.75,300.75,167.24000549316406
1999-01-01,-2.25,299.75,390.6199951171875
1999-01-01,-2.75,299.75,432.7300109863281
1999-01-01,-2.25,300.25,299.1099853515625
1999-01-01,-2.75,300.25,370.3399963378906
1999-01-01,-2.25,300.75,215.47999572753906
1999-01-01,-2.75,300.75,321.9100036621094
1999-02-01,-2.25,299.75,269.1300048828125
1999-02-01,-2.75,299.75,315.1000061035156
1999-02-01,-2.25,300.25,251.07000732421875
1999-02-01,-2.75,300.25,287.2900085449219
1999-02-01,-2.25,300.75,262.95001220703125
1999-02-01,-2.75,300.75,344.7799987792969
1999-03-01,-2.25,299.75,195.38999938964844
1999-03-01,-2.75,299.75,271.6000061035156
1999-03-01,-2.25,300.25,213.1999969482422
1999-03-01,-2.75,300.25,264.7300109863281
1999-03-01,-2.25,300.75,301.0799865722656
1999-03-01,-2.75,300.75,419.55999755859375
1999-04-01,-2.25,299.75,447.989990234375
1999-04-01,-2.75,299.75,425.54998779296875
1999-04-01,-2.25,300.25,468
1999-04-01,-2.75,300.25,435.2699890136719
1999-04-01,-2.25,300.75,467.3900146484375
1999-04-01,-2.75,300.75,460.6099853515625
1999-05-01,-2.25,299.75,452.6499938964844
1999-05-01,-2.75,299.75,425.6199951171875
1999-05-01,-2.25,300.25,372.5400085449219
1999-05-01,-2.75,300.25,384.3800048828125
1999-05-01,-2.25,300.75,291.9200134277344
1999-05-01,-2.75,300.75,378.2300109863281
1999-06-01,-2.25,299.75,119.05000305175781
1999-06-01,-2.75,299.75,117.54000091552734
1999-06-01,-2.25,300.25,137.6699981689453
1999-06-01,-2.75,300.25,147.22999572753906
1999-06-01,-2.25,300.75,158.1699981689453
1999-06-01,-2.75,300.75,186.9499969482422
1999-07-01,-2.25,299.75,70.0199966430664
1999-07-01,-2.75,299.75,35.790000915527344
1999-07-01,-2.25,300.25,77.62999725341797
1999-07-01,-2.75,300.25,51.13999938964844
1999-07-01,-2.25,300.75,80.19000244140625
1999-07-01,-2.75,300.75,78.05000305175781
1999-08-01,-2.25,299.75,91.87999725341797
1999-08-01,-2.75,299.75,52.45000076293945
1999-08-01,-2.25,300.25,111.6500015258789
1999-08-01,-2.75,300.25,76.23999786376953
1999-08-01,-2.25,300.75,112.95999908447266
1999-08-01,-2.75,300.75,95.88999938964844
1999-09-01,-2.25,299.75,198.19000244140625
1999-09-01,-2.75,299.75,114.12999725341797
1999-09-01,-2.25,300.25,204.0800018310547
1999-09-01,-2.75,300.25,146.88999938964844
1999-09-01,-2.25,300.75,171.5
1999-09-01,-2.75,300.75,158.36000061035156
1999-10-01,-2.25,299.75,119.16000366210938
1999-10-01,-2.75,299.75,111.30999755859375
1999-10-01,-2.25,300.25,113.95999908447266
1999-10-01,-2.75,300.25,133.27999877929688
1999-10-01,-2.25,300.75,100.70999908447266
1999-10-01,-2.75,300.75,143.4600067138672
1999-11-01,-2.25,299.75,88.58000183105469
1999-11-01,-2.75,299.75,130.55999755859375
1999-11-01,-2.25,300.25,80.19000244140625
1999-11-01,-2.75,300.25,147.6699981689453
1999-11-01,-2.25,300.75,81.7300033569336
1999-11-01,-2.75,300.75,136.02000427246094
1999-12-01,-2.25,299.75,228.5399932861328
1999-12-01,-2.75,299.75,236.69000244140625
1999-12-01,-2.25,300.25,214.30999755859375
1999-12-01,-2.75,300.25,216.52999877929688
1999-12-01,-2.25,300.75,194.05999755859375
1999-12-01,-2.75,300.75,208.44000244140625
2000-01-01,-2.25,299.75,284.7699890136719
2000-01-01,-2.75,299.75,387
2000-01-01,-2.25,300.25,224.2100067138672
2000-01-01,-2.75,300.25,299.2799987792969
2000-01-01,-2.25,300.75,190.6300048828125
2000-01-01,-2.75,300.75,223.1300048828125
2000-02-01,-2.25,299.75,308.7300109863281
2000-02-01,-2.75,299.75,389.4700012207031
2000-02-01,-2.25,300.25,323.6600036621094
2000-02-01,-2.75,300.25,355.5199890136719
2000-02-01,-2.25,300.75,374.55999755859375
2000-02-01,-2.75,300.75,371.0899963378906
2000-03-01,-2.25,299.75,336.3800048828125
2000-03-01,-2.75,299.75,372.6400146484375
2000-03-01,-2.25,300.25,358.1400146484375
2000-03-01,-2.75,300.25,360.3599853515625
2000-03-01,-2.25,300.75,407.7900085449219
2000-03-01,-2.75,300.75,404.6300048828125
2000-04-01,-2.25,299.75,548.4000244140625
2000-04-01,-2.75,299.75,538.66998291015625
2000-04-01,-2.25,300.25,499.0400085449219
2000-04-01,-2.75,300.25,486.7300109863281
2000-04-01,-2.25,300.75,420.94000244140625
2000-04-01,-2.75,300.75,394.54998779296875
2000-05-01,-2.25,299.75,275.4599914550781
2000-05-01,-2.75,299.75,199.27000427246094
2000-05-01,-2.25,300.25,285.010009765625
2000-05-01,-2.75,300.25,223.91000366210938
2000-05-01,-2.25,300.75,286.4800109863281
2000-05-01,-2.75,300.75,286.05999755859375
2000-06-01,-2.25,299.75,129.08999633789062
2000-06-01,-2.75,299.75,76.12999725341797
2000-06-01,-2.25,300.25,128.94000244140625
2000-06-01,-2.75,300.25,81.839996337890625
2000-06-01,-2.25,300.75,115.87999725341797
2000-06-01,-2.75,300.75,104.77999877929688
2000-07-01,-2.25,299.75,98.5
2000-07-01,-2.75,299.75,62.33000183105469
2000-07-01,-2.25,300.25,86.05999755859375
2000-07-01,-2.75,300.25,58.25
2000-07-01,-2.25,300.75,62.25
2000-07-01,-2.75,300.75,59.95000076293945
2000-08-01,-2.25,299.75,181.97000122070312
2000-08-01,-2.75,299.75,164.9199981689453
2000-08-01,-2.25,300.25,152.27999877929688
2000-08-01,-2.75,300.25,141
2000-08-01,-2.25,300.75,104.80000305175781
2000-08-01,-2.75,300.75,105.66000366210938
2000-09-01,-2.25,299.75,275.2900085449219
2000-09-01,-2.75,299.75,250.9499969482422
2000-09-01,-2.25,300.25,248.05999755859375
2000-09-01,-2.75,300.25,232.60000610351562
2000-09-01,-2.25,300.75,204.44000244140625
2000-09-01,-2.75,300.75,211.0500030517578
2000-10-01,-2.25,299.75,88.62000274658203
2000-10-01,-2.75,299.75,69.66999816894531
2000-10-01,-2.25,300.25,76.2300033569336
2000-10-01,-2.75,300.25,70.05999755859375
2000-10-01,-2.25,300.75,60.2599983215332
2000-10-01,-2.75,300.75,79
2000-11-01,-2.25,299.75,180.25
2000-11-01,-2.75,299.75,179.5500030517578
2000-11-01,-2.25,300.25,155.57000732421875
2000-11-01,-2.75,300.25,160.47999572753906
2000-11-01,-2.25,300.75,117.93000030517578
2000-11-01,-2.75,300.75,139.97999572753906
2000-12-01,-2.25,299.75,170.63999938964844
2000-12-01,-2.75,299.75,218.08999633789062
2000-12-01,-2.25,300.25,156.63999938964844
2000-12-01,-2.75,300.25,190.8300018310547
2000-12-01,-2.25,300.75,154.3699951171875
2000-12-01,-2.75,300.75,180.39999389648438
2001-01-01,-2.25,299.75,301.17999267578125
2001-01-01,-2.75,299.75,382.67999267578125
2001-01-01,-2.25,300.25,293.3900146484375
2001-01-01,-2.75,300.25,348.3500061035156
2001-01-01,-2.25,300.75,323.5
2001-01-01,-2.75,300.75,357.45001220703125
2001-02-01,-2.25,299.75,176.25
2001-02-01,-2.75,299.75,269.1000061035156
2001-02-01,-2.25,300.25,163.69000244140625
2001-02-01,-2.75,300.25,204.19000244140625
2001-02-01,-2.25,300.75,186.77999877929688
2001-02-01,-2.75,300.75,177.69000244140625
2001-03-01,-2.25,299.75,209.8699951171875
2001-03-01,-2.75,299.75,246.39999389648438
2001-03-01,-2.25,300.25,222.77000427246094
2001-03-01,-2.75,300.25,228.50999450683594
2001-03-01,-2.25,300.75,264.6099853515625
2001-03-01,-2.75,300.75,260.1600036621094
2001-04-01,-2.25,299.75,231.4499969482422
2001-04-01,-2.75,299.75,191.1300048828125
2001-04-01,-2.25,300.25,239.8300018310547
2001-04-01,-2.75,300.25,200.1699981689453
2001-04-01,-2.25,300.75,242.00999450683594
2001-04-01,-2.75,300.75,212.92999267578125
2001-05-01,-2.25,299.75,307.25
2001-05-01,-2.75,299.75,256.9800109863281
2001-05-01,-2.25,300.25,267.57000732421875
2001-05-01,-2.75,300.25,230.00999450683594
2001-05-01,-2.25,300.75,202.86000061035156
2001-05-01,-2.75,300.75,202.22000122070312
2001-06-01,-2.25,299.75,240.10000610351562
2001-06-01,-2.75,299.75,191.25999450683594
2001-06-01,-2.25,300.25,235.50999450683594
2001-06-01,-2.75,300.25,191.47000122070312
2001-06-01,-2.25,300.75,214.27000427246094
2001-06-01,-2.75,300.75,203.5500030517578
2001-07-01,-2.25,299.75,110.93000030517578
2001-07-01,-2.75,299.75,72.4800033569336
2001-07-01,-2.25,300.25,109.16999816894531
2001-07-01,-2.75,300.25,77.68000030517578
2001-07-01,-2.25,300.75,95.4800033569336
2001-07-01,-2.75,300.75,94.94000244140625
2001-08-01,-2.25,299.75,72.529998779296875
2001-08-01,-2.75,299.75,39.7400016784668
2001-08-01,-2.25,300.25,72
2001-08-01,-2.75,300.25,46.58000183105469
2001-08-01,-2.25,300.75,63.81999969482422
2001-08-01,-2.75,300.75,64.58000183105469
2001-09-01,-2.25,299.75,140.82000732421875
2001-09-01,-2.75,299.75,121.11000061035156
2001-09-01,-2.25,300.25,104.08000183105469
2001-09-01,-2.75,300.25,93.13999938964844
2001-09-01,-2.25,300.75,50.58000183105469
2001-09-01,-2.75,300.75,55.099998474121094
2001-10-01,-2.25,299.75,67.5
2001-10-01,-2.75,299.75,50.9900016784668
2001-10-01,-2.25,300.25,55.099998474121094
2001-10-01,-2.75,300.25,49.349998474121094
2001-10-01,-2.25,300.75,38.84000015258789
2001-10-01,-2.75,300.75,56.040000915527344
2001-11-01,-2.25,299.75,264.7300109863281
2001-11-01,-2.75,299.75,281.6000061035156
2001-11-01,-2.25,300.25,209.0500030517578
2001-11-01,-2.75,300.25,230.07000732421875
2001-11-01,-2.25,300.75,128.44000244140625
2001-11-01,-2.75,300.75,150.35000610351562
2001-12-01,-2.25,299.75,188.88999938964844
2001-12-01,-2.75,299.75,253.6300048828125
2001-12-01,-2.25,300.25,135.3699951171875
2001-12-01,-2.75,300.25,183.3699951171875
2001-12-01,-2.25,300.75,89.8499984741211
2001-12-01,-2.75,300.75,112.83000183105469
2002-01-01,-2.25,299.75,306.67999267578125
2002-01-01,-2.75,299.75,416.739990234375
2002-01-01,-2.25,300.25,234.82000732421875
2002-01-01,-2.75,300.25,317.8500061035156
2002-01-01,-2.25,300.75,184.14999389648438
2002-01-01,-2.75,300.75,217.5800018310547
2002-02-01,-2.25,299.75,201.52000427246094
2002-02-01,-2.75,299.75,286.1099853515625
2002-02-01,-2.25,300.25,209.83999633789062
2002-02-01,-2.75,300.25,243.9199981689453
2002-02-01,-2.25,300.75,255.02000427246094
2002-02-01,-2.75,300.75,248.5800018310547
2002-03-01,-2.25,299.75,193.25999450683594
2002-03-01,-2.75,299.75,224.25
2002-03-01,-2.25,300.25,218.57000732421875
2002-03-01,-2.75,300.25,218.82000732421875
2002-03-01,-2.25,300.75,271.8800048828125
2002-03-01,-2.75,300.75,269.989990234375
2002-04-01,-2.25,299.75,414.25
2002-04-01,-2.75,299.75,379.75
2002-04-01,-2.25,300.25,414.80999755859375
2002-04-01,-2.75,300.25,380.489990234375
2002-04-01,-2.25,300.75,397.6300048828125
2002-04-01,-2.75,300.75,375.5799865722656
2002-05-01,-2.25,299.75,349.42999267578125
2002-05-01,-2.75,299.75,289.9599914550781
2002-05-01,-2.25,300.25,322.5199890136719
2002-05-01,-2.75,300.25,278.44000244140625
2002-05-01,-2.25,300.75,276.760009765625
2002-05-01,-2.75,300.75,276.5299987792969
2002-06-01,-2.25,299.75,97.0199966430664
2002-06-01,-2.75,299.75,31.270000457763672
2002-06-01,-2.25,300.25,47.689998626708984
2002-06-01,-2.75,300.25,2.4000000953674316
2002-06-01,-2.25,300.75,22.959999084472656
2002-06-01,-2.75,300.75,4.260000228881836
2002-07-01,-2.25,299.75,58.04999923706055
2002-07-01,-2.75,299.75,24.579999923706055
2002-07-01,-2.25,300.25,44.619998931884766
2002-07-01,-2.75,300.25,17.989999771118164
2002-07-01,-2.25,300.75,16.860000610351562
2002-07-01,-2.75,300.75,15.579999923706055
2002-08-01,-2.25,299.75,87.7699966430664
2002-08-01,-2.75,299.75,59.900001525878906
2002-08-01,-2.25,300.25,75.7699966430664
2002-08-01,-2.75,300.25,55.2599983215332
2002-08-01,-2.25,300.75,52.97999954223633
2002-08-01,-2.75,300.75,54.099998474121094
2002-09-01,-2.25,299.75,116.66999816894531
2002-09-01,-2.75,299.75,92.79000091552734
2002-09-01,-2.25,300.25,83.2699966430664
2002-09-01,-2.75,300.25,69.9000015258789
2002-09-01,-2.25,300.75,35.220001220703125
2002-09-01,-2.75,300.75,40.459999084472656
2002-10-01,-2.25,299.75,238.3300018310547
2002-10-01,-2.75,299.75,239.44000244140625
2002-10-01,-2.25,300.25,188.4199981689453
2002-10-01,-2.75,300.25,200.30999755859375
2002-10-01,-2.25,300.75,121.26000213623047
2002-10-01,-2.75,300.75,141.49000549316406
2002-11-01,-2.25,299.75,92.80999755859375
2002-11-01,-2.75,299.75,90.51000213623047
2002-11-01,-2.25,300.25,67.11000061035156
2002-11-01,-2.75,300.25,71.94999694824219
2002-11-01,-2.25,300.75,31.049999237060547
2002-11-01,-2.75,300.75,51.9900016784668
2002-12-01,-2.25,299.75,275.2099914550781
2002-12-01,-2.75,299.75,347.0299987792969
2002-12-01,-2.25,300.25,211.16000366210938
2002-12-01,-2.75,300.25,267.8900146484375
2002-12-01,-2.25,300.75,143.52000427246094
2002-12-01,-2.75,300.75,169.80999755859375
2003-01-01,-2.25,299.75,47.09000015258789
2003-01-01,-2.75,299.75,144.36000061035156
2003-01-01,-2.25,300.25,3.180000066757202
2003-01-01,-2.75,300.25,66.93000030517578
2003-01-01,-2.25,300.75,0
2003-01-01,-2.75,300.75,10.979999542236328
2003-02-01,-2.25,299.75,296.8599853515625
2003-02-01,-2.75,299.75,389.75
2003-02-01,-2.25,300.25,287.6300048828125
2003-02-01,-2.75,300.25,328.25
2003-02-01,-2.25,300.75,310.1400146484375
2003-02-01,-2.75,300.75,304.7200012207031
2003-03-01,-2.25,299.75,198.52000427246094
2003-03-01,-2.75,299.75,239.7899932861328
2003-03-01,-2.25,300.25,207.4199981689453
2003-03-01,-2.75,300.25,216.30999755859375
2003-03-01,-2.25,300.75,237.6999969482422
2003-03-01,-2.75,300.75,237.58999633789062
2003-04-01,-2.25,299.75,423.3999938964844
2003-04-01,-2.75,299.75,394.07000732421875
2003-04-01,-2.25,300.25,412.54998779296875
2003-04-01,-2.75,300.25,381.0799865722656
2003-04-01,-2.25,300.75,389.8999938964844
2003-04-01,-2.75,300.75,359.489990234375
2003-05-01,-2.25,299.75,305.42999267578125
2003-05-01,-2.75,299.75,243.1199951171875
2003-05-01,-2.25,300.25,284.3599853515625
2003-05-01,-2.75,300.25,238.44000244140625
2003-05-01,-2.25,300.75,243.89999389648438
2003-05-01,-2.75,300.75,245.72999572753906
2003-06-01,-2.25,299.75,184.66000366210938
2003-06-01,-2.75,299.75,140.74000549316406
2003-06-01,-2.25,300.25,163.52000427246094
2003-06-01,-2.75,300.25,124.76000213623047
2003-06-01,-2.25,300.75,123.58999633789062
2003-06-01,-2.75,300.75,113.68000030517578
2003-07-01,-2.25,299.75,140.47000122070312
2003-07-01,-2.75,299.75,115.06999969482422
2003-07-01,-2.25,300.25,108.20999908447266
2003-07-01,-2.75,300.25,89.80000305175781
2003-07-01,-2.25,300.75,57.63999938964844
2003-07-01,-2.75,300.75,55.810001373291016
2003-08-01,-2.25,299.75,165.4499969482422
2003-08-01,-2.75,299.75,144.22000122070312
2003-08-01,-2.25,300.25,135.77999877929688
2003-08-01,-2.75,300.25,122.33999633789062
2003-08-01,-2.25,300.75,92.1500015258789
2003-08-01,-2.75,300.75,93.54000091552734
2003-09-01,-2.25,299.75,116.97000122070312
2003-09-01,-2.75,299.75,92.45999908447266
2003-09-01,-2.25,300.25,87.7699966430664
2003-09-01,-2.75,300.25,73.66999816894531
2003-09-01,-2.25,300.75,43
2003-09-01,-2.75,300.75,48.5099983215332
2003-10-01,-2.25,299.75,127.70999908447266
2003-10-01,-2.75,299.75,118.16000366210938
2003-10-01,-2.25,300.25,114.44000244140625
2003-10-01,-2.75,300.25,112.0199966430664
2003-10-01,-2.25,300.75,86.4000015258789
2003-10-01,-2.75,300.75,106.68000030517578
2003-11-01,-2.25,299.75,130.27000427246094
2003-11-01,-2.75,299.75,129
2003-11-01,-2.25,300.25,104.43000030517578
2003-11-01,-2.75,300.25,109.5199966430664
2003-11-01,-2.25,300.75,66.80999755859375
2003-11-01,-2.75,300.75,88.01000213623047
2003-12-01,-2.25,299.75,65.5
2003-12-01,-2.75,299.75,118.41999816894531
2003-12-01,-2.25,300.25,35.720001220703125
2003-12-01,-2.75,300.25,74.5999984741211
2003-12-01,-2.25,300.75,18.139999389648438
2003-12-01,-2.75,300.75,41.86000061035156
2004-01-01,-2.25,299.75,113.69999694824219
2004-01-01,-2.75,299.75,216.97000122070312
2004-01-01,-2.25,300.25,55.650001525878906
2004-01-01,-2.75,300.25,134.57000732421875
2004-01-01,-2.25,300.75,16.90999984741211
2004-01-01,-2.75,300.75,53.529998779296875
2004-02-01,-2.25,299.75,126.05999755859375
2004-02-01,-2.75,299.75,198.8800048828125
2004-02-01,-2.25,300.25,150.5
2004-02-01,-2.75,300.25,174.83999633789062
2004-02-01,-2.25,300.75,218.2899932861328
2004-02-01,-2.75,300.75,213.5
2004-03-01,-2.25,299.75,413.0199890136719
2004-03-01,-2.75,299.75,454.6600036621094
2004-03-01,-2.25,300.25,422.7799987792969
2004-03-01,-2.75,300.25,431.3500061035156
2004-03-01,-2.25,300.75,455.2699890136719
2004-03-01,-2.75,300.75,453.1700134277344
2004-04-01,-2.25,299.75,264.5199890136719
2004-04-01,-2.75,299.75,231.1999969482422
2004-04-01,-2.25,300.25,249.10000610351562
2004-04-01,-2.75,300.25,217.92999267578125
2004-04-01,-2.25,300.75,221.33999633789062
2004-04-01,-2.75,300.75,194.55999755859375
2004-05-01,-2.25,299.75,499.4800109863281
2004-05-01,-2.75,299.75,449.8399963378906
2004-05-01,-2.25,300.25,469.75
2004-05-01,-2.75,300.25,429.5
2004-05-01,-2.25,300.75,413.2799987792969
2004-05-01,-2.75,300.75,414.19000244140625
2004-06-01,-2.25,299.75,193.2100067138672
2004-06-01,-2.75,299.75,148.7100067138672
2004-06-01,-2.25,300.25,176.75999450683594
2004-06-01,-2.75,300.25,137.0500030517578
2004-06-01,-2.25,300.75,142.42999267578125
2004-06-01,-2.75,300.75,131.36000061035156
2004-07-01,-2.25,299.75,115.51000213623047
2004-07-01,-2.75,299.75,84.18000030517578
2004-07-01,-2.25,300.25,85.44999694824219
2004-07-01,-2.75,300.25,62.560001373291016
2004-07-01,-2.25,300.75,42.290000915527344
2004-07-01,-2.75,300.75,40.65999984741211
2004-08-01,-2.25,299.75,183.4600067138672
2004-08-01,-2.75,299.75,165.6999969482422
2004-08-01,-2.25,300.25,155.3699951171875
2004-08-01,-2.75,300.25,143.7100067138672
2004-08-01,-2.25,300.75,109.8499984741211
2004-08-01,-2.75,300.75,111.29000091552734
2004-09-01,-2.25,299.75,83.529998779296875
2004-09-01,-2.75,299.75,62.5099983215332
2004-09-01,-2.25,300.25,64.41999816894531
2004-09-01,-2.75,300.25,50.650001525878906
2004-09-01,-2.25,300.75,28.979999542236328
2004-09-01,-2.75,300.75,36.25
2004-10-01,-2.25,299.75,142.6199951171875
2004-10-01,-2.75,299.75,136.63999938964844
2004-10-01,-2.25,300.25,110.91999816894531
2004-10-01,-2.75,300.25,114.5999984741211
2004-10-01,-2.25,300.75,67.36000061035156
2004-10-01,-2.75,300.75,86.839996337890625
2004-11-01,-2.25,299.75,29.579999923706055
2004-11-01,-2.75,299.75,20.469999313354492
2004-11-01,-2.25,300.25,17.09000015258789
2004-11-01,-2.75,300.25,16.709999084472656
2004-11-01,-2.25,300.75,0.5
2004-11-01,-2.75,300.75,18.030000686645508
2004-12-01,-2.25,299.75,113.87999725341797
2004-12-01,-2.75,299.75,169.16000366210938
2004-12-01,-2.25,300.25,79.88999938964844
2004-12-01,-2.75,300.25,120.41999816894531
2004-12-01,-2.25,300.75,57.040000915527344
2004-12-01,-2.75,300.75,80.839996337890625
2005-01-01,-2.25,299.75,107.54000091552734
2005-01-01,-2.75,299.75,204.49000549316406
2005-01-01,-2.25,300.25,53.77000045776367
2005-01-01,-2.75,300.25,125.4000015258789
2005-01-01,-2.25,300.75,28.56999969482422
2005-01-01,-2.75,300.75,65.08000183105469
2005-02-01,-2.25,299.75,290.739990234375
2005-02-01,-2.75,299.75,380.69000244140625
2005-02-01,-2.25,300.25,282.92999267578125
2005-02-01,-2.75,300.25,322.20001220703125
2005-02-01,-2.25,300.75,308.260009765625
2005-02-01,-2.75,300.75,303.7300109863281
2005-03-01,-2.25,299.75,413.5400085449219
2005-03-01,-2.75,299.75,467.0299987792969
2005-03-01,-2.25,300.25,401.8999938964844
2005-03-01,-2.75,300.25,419.17999267578125
2005-03-01,-2.25,300.75,407.0299987792969
2005-03-01,-2.75,300.75,405.0400085449219
2005-04-01,-2.25,299.75,373.20001220703125
2005-04-01,-2.75,299.75,323.0799865722656
2005-04-01,-2.25,300.25,350.20001220703125
2005-04-01,-2.75,300.25,304.489990234375
2005-04-01,-2.25,300.75,320.6400146484375
2005-04-01,-2.75,300.75,285.7200012207031
2005-05-01,-2.25,299.75,299.1499938964844
2005-05-01,-2.75,299.75,255.11000061035156
2005-05-01,-2.25,300.25,236.5
2005-05-01,-2.75,300.25,206.6300048828125
2005-05-01,-2.25,300.75,146.55999755859375
2005-05-01,-2.75,300.75,147.8000030517578
2005-06-01,-2.25,299.75,127.36000061035156
2005-06-01,-2.75,299.75,83.720001220703125
2005-06-01,-2.25,300.25,97.20999908447266
2005-06-01,-2.75,300.25,60.65999984741211
2005-06-01,-2.25,300.75,50.0099983215332
2005-06-01,-2.75,300.75,38.970001220703125
2005-07-01,-2.25,299.75,100.69000244140625
2005-07-01,-2.75,299.75,72.33000183105469
2005-07-01,-2.25,300.25,78.20999908447266
2005-07-01,-2.75,300.25,56.31999969482422
2005-07-01,-2.25,300.75,38.11000061035156
2005-07-01,-2.75,300.75,36.56999969482422
2005-08-01,-2.25,299.75,66.94999694824219
2005-08-01,-2.75,299.75,40.959999084472656
2005-08-01,-2.25,300.25,51.400001525878906
2005-08-01,-2.75,300.25,32.66999816894531
2005-08-01,-2.25,300.75,23.649999618530273
2005-08-01,-2.75,300.75,24.8799991607666
2005-09-01,-2.25,299.75,106.9000015258789
2005-09-01,-2.75,299.75,78.68000030517578
2005-09-01,-2.25,300.25,81.51000213623047
2005-09-01,-2.75,300.25,64.37000274658203
2005-09-01,-2.25,300.75,43.34000015258789
2005-09-01,-2.75,300.75,49.150001525878906
2005-10-01,-2.25,299.75,110.4000015258789
2005-10-01,-2.75,299.75,99.7300033569336
2005-10-01,-2.25,300.25,82.12000274658203
2005-10-01,-2.75,300.25,83.01000213623047
2005-10-01,-2.25,300.75,45.290000915527344
2005-10-01,-2.75,300.75,64.4800033569336
2005-11-01,-2.25,299.75,160.86000061035156
2005-11-01,-2.75,299.75,157.64999389648438
2005-11-01,-2.25,300.25,143
2005-11-01,-2.75,300.25,148.22000122070312
2005-11-01,-2.25,300.75,109.61000061035156
2005-11-01,-2.75,300.75,135.67999267578125
2005-12-01,-2.25,299.75,269.7699890136719
2005-12-01,-2.75,299.75,320.739990234375
2005-12-01,-2.25,300.25,241.24000549316406
2005-12-01,-2.75,300.25,278.1600036621094
2005-12-01,-2.25,300.75,233.41000366210938
2005-12-01,-2.75,300.75,250.6999969482422
2006-01-01,-2.25,299.75,131.07000732421875
2006-01-01,-2.75,299.75,211.4600067138672
2006-01-01,-2.25,300.25,109.93000030517578
2006-01-01,-2.75,300.25,168.3800048828125
2006-01-01,-2.25,300.75,124.5999984741211
2006-01-01,-2.75,300.75,162.52000427246094
2006-02-01,-2.25,299.75,313.6099853515625
2006-02-01,-2.75,299.75,392.1700134277344
2006-02-01,-2.25,300.25,329.739990234375
2006-02-01,-2.75,300.25,359.79998779296875
2006-02-01,-2.25,300.75,383.9100036621094
2006-02-01,-2.75,300.75,379.95001220703125
2006-03-01,-2.25,299.75,263.5
2006-03-01,-2.75,299.75,294.239990234375
2006-03-01,-2.25,300.25,292.1499938964844
2006-03-01,-2.75,300.25,290.0899963378906
2006-03-01,-2.25,300.75,351.010009765625
2006-03-01,-2.75,300.75,349.30999755859375
2006-04-01,-2.25,299.75,295.0799865722656
2006-04-01,-2.75,299.75,255.0800018310547
2006-04-01,-2.25,300.25,311.6000061035156
2006-04-01,-2.75,300.25,268.8900146484375
2006-04-01,-2.25,300.75,319.07000732421875
2006-04-01,-2.75,300.75,291.3599853515625
2006-05-01,-2.25,299.75,457.7799987792969
2006-05-01,-2.75,299.75,408.07000732421875
2006-05-01,-2.25,300.25,422.1400146484375
2006-05-01,-2.75,300.25,384.1600036621094
2006-05-01,-2.25,300.75,358.6000061035156
2006-05-01,-2.75,300.75,360.6400146484375
2006-06-01,-2.25,299.75,165.05999755859375
2006-06-01,-2.75,299.75,115.23999786376953
2006-06-01,-2.25,300.25,154.30999755859375
2006-06-01,-2.75,300.25,111.68000030517578
2006-06-01,-2.25,300.75,126.72000122070312
2006-06-01,-2.75,300.75,117.8499984741211
2006-07-01,-2.25,299.75,121.2699966430664
2006-07-01,-2.75,299.75,94.38999938964844
2006-07-01,-2.25,300.25,95.12999725341797
2006-07-01,-2.75,300.25,72.94000244140625
2006-07-01,-2.25,300.75,54.34000015258789
2006-07-01,-2.75,300.75,49.16999816894531
2006-08-01,-2.25,299.75,66.69999694824219
2006-08-01,-2.75,299.75,40.689998626708984
2006-08-01,-2.25,300.25,61.279998779296875
2006-08-01,-2.75,300.25,39.91999816894531
2006-08-01,-2.25,300.75,41.86000061035156
2006-08-01,-2.75,300.75,43.34000015258789
2006-09-01,-2.25,299.75,93.660003662109375
2006-09-01,-2.75,299.75,65.339996337890625
2006-09-01,-2.25,300.25,72.61000061035156
2006-09-01,-2.75,300.25,54.41999816894531
2006-09-01,-2.25,300.75,38.5099983215332
2006-09-01,-2.75,300.75,44.15999984741211
2006-10-01,-2.25,299.75,103.44000244140625
2006-10-01,-2.75,299.75,88.81999969482422
2006-10-01,-2.25,300.25,86.839996337890625
2006-10-01,-2.75,300.25,83.23999786376953
2006-10-01,-2.25,300.75,63.7400016784668
2006-10-01,-2.75,300.75,82.86000061035156
2006-11-01,-2.25,299.75,295.260009765625
2006-11-01,-2.75,299.75,305.8599853515625
2006-11-01,-2.25,300.25,249.72999572753906
2006-11-01,-2.75,300.25,264.260009765625
2006-11-01,-2.25,300.75,184.9499969482422
2006-11-01,-2.75,300.75,208.08999633789062
2006-12-01,-2.25,299.75,270.54998779296875
2006-12-01,-2.75,299.75,343.9599914550781
2006-12-01,-2.25,300.25,203.58999633789062
2006-12-01,-2.75,300.25,262.07000732421875
2006-12-01,-2.25,300.75,133.13999938964844
2006-12-01,-2.75,300.75,158.61000061035156
2007-01-01,-2.25,299.75,366.6099853515625
2007-01-01,-2.75,299.75,448.0799865722656
2007-01-01,-2.25,300.25,363.17999267578125
2007-01-01,-2.75,300.25,419.29998779296875
2007-01-01,-2.25,300.75,381.3599853515625
2007-01-01,-2.75,300.75,427.9700012207031
2007-02-01,-2.25,299.75,98.220001220703125
2007-02-01,-2.75,299.75,186.14999389648438
2007-02-01,-2.25,300.25,91.44000244140625
2007-02-01,-2.75,300.25,130.50999450683594
2007-02-01,-2.25,300.75,115.52999877929688
2007-02-01,-2.75,300.75,114.48999786376953
2007-03-01,-2.25,299.75,320.0799865722656
2007-03-01,-2.75,299.75,370.5899963378906
2007-03-01,-2.25,300.25,305.95001220703125
2007-03-01,-2.75,300.25,322.0400085449219
2007-03-01,-2.25,300.75,314.42999267578125
2007-03-01,-2.75,300.75,310.0199890136719
2007-04-01,-2.25,299.75,375.8699951171875
2007-04-01,-2.75,299.75,345.9100036621094
2007-04-01,-2.25,300.25,370.6499938964844
2007-04-01,-2.75,300.25,338.0899963378906
2007-04-01,-2.25,300.75,351.6099853515625
2007-04-01,-2.75,300.75,322.510009765625
2007-05-01,-2.25,299.75,252.4499969482422
2007-05-01,-2.75,299.75,190.0500030517578
2007-05-01,-2.25,300.25,235.1699981689453
2007-05-01,-2.75,300.25,187.66000366210938
2007-05-01,-2.25,300.75,202.35000610351562
2007-05-01,-2.75,300.75,200.1199951171875
2007-06-01,-2.25,299.75,175.99000549316406
2007-06-01,-2.75,299.75,128.4499969482422
2007-06-01,-2.25,300.25,163.6300048828125
2007-06-01,-2.75,300.25,122.2300033569336
2007-06-01,-2.25,300.75,131.36000061035156
2007-06-01,-2.75,300.75,123.86000061035156
2007-07-01,-2.25,299.75,166.88999938964844
2007-07-01,-2.75,299.75,143.36000061035156
2007-07-01,-2.25,300.25,135.0399932861328
2007-07-01,-2.75,300.25,117.56999969482422
2007-07-01,-2.25,300.75,82.339996337890625
2007-07-01,-2.75,300.75,81.13999938964844
2007-08-01,-2.25,299.75,174.99000549316406
2007-08-01,-2.75,299.75,157.69000244140625
2007-08-01,-2.25,300.25,143.1699981689453
2007-08-01,-2.75,300.25,132.7100067138672
2007-08-01,-2.25,300.75,92.9000015258789
2007-08-01,-2.75,300.75,94.73999786376953
2007-09-01,-2.25,299.75,127.23999786376953
2007-09-01,-2.75,299.75,103.87999725341797
2007-09-01,-2.25,300.25,95.08000183105469
2007-09-01,-2.75,300.25,82.12999725341797
2007-09-01,-2.25,300.75,46.58000183105469
2007-09-01,-2.75,300.75,52.36000061035156
2007-10-01,-2.25,299.75,69.56999969482422
2007-10-01,-2.75,299.75,50.43000030517578
2007-10-01,-2.25,300.25,61.689998626708984
2007-10-01,-2.75,300.25,54.099998474121094
2007-10-01,-2.25,300.75,52.970001220703125
2007-10-01,-2.75,300.75,69.4800033569336
2007-11-01,-2.25,299.75,234.1300048828125
2007-11-01,-2.75,299.75,234.89999389648438
2007-11-01,-2.25,300.25,205.72000122070312
2007-11-01,-2.75,300.25,212.33999633789062
2007-11-01,-2.25,300.75,161.08999633789062
2007-11-01,-2.75,300.75,184.66000366210938
2007-12-01,-2.25,299.75,286.8299865722656
2007-12-01,-2.75,299.75,357.19000244140625
2007-12-01,-2.25,300.25,212.99000549316406
2007-12-01,-2.75,300.25,271.3699951171875
2007-12-01,-2.25,300.75,140.5399932861328
2007-12-01,-2.75,300.75,165.33999633789062
2008-01-01,-2.25,299.75,346.54998779296875
2008-01-01,-2.75,299.75,432.70001220703125
2008-01-01,-2.25,300.25,328.25
2008-01-01,-2.75,300.25,386.5
2008-01-01,-2.25,300.75,348.510009765625
2008-01-01,-2.75,300.75,379.1199951171875
2008-02-01,-2.25,299.75,259.1000061035156
2008-02-01,-2.75,299.75,346.6199951171875
2008-02-01,-2.25,300.25,256.0799865722656
2008-02-01,-2.75,300.25,294.29998779296875
2008-02-01,-2.25,300.75,282.55999755859375
2008-02-01,-2.75,300.75,282.3399963378906
2008-03-01,-2.25,299.75,513.760009765625
2008-03-01,-2.75,299.75,584.59002685546875
2008-03-01,-2.25,300.25,469.7799987792969
2008-03-01,-2.75,300.25,504.04998779296875
2008-03-01,-2.25,300.75,429.9800109863281
2008-03-01,-2.75,300.75,428.5199890136719
2008-04-01,-2.25,299.75,377.20001220703125
2008-04-01,-2.75,299.75,349.3599853515625
2008-04-01,-2.25,300.25,362.20001220703125
2008-04-01,-2.75,300.25,333.1300048828125
2008-04-01,-2.25,300.75,327.6000061035156
2008-04-01,-2.75,300.75,303.9200134277344
2008-05-01,-2.25,299.75,348.5199890136719
2008-05-01,-2.75,299.75,291.17999267578125
2008-05-01,-2.25,300.25,316.4700012207031
2008-05-01,-2.75,300.25,273.92999267578125
2008-05-01,-2.25,300.75,265.3299865722656
2008-05-01,-2.75,300.75,264.8599853515625
2008-06-01,-2.25,299.75,262.3699951171875
2008-06-01,-2.75,299.75,231.16000366210938
2008-06-01,-2.25,300.25,221.47999572753906
2008-06-01,-2.75,300.25,193.7899932861328
2008-06-01,-2.25,300.75,156.77000427246094
2008-06-01,-2.75,300.75,143
2008-07-01,-2.25,299.75,129.88999938964844
2008-07-01,-2.75,299.75,102.51000213623047
2008-07-01,-2.25,300.25,100.75
2008-07-01,-2.75,300.25,80.589996337890625
2008-07-01,-2.25,300.75,53.900001525878906
2008-07-01,-2.75,300.75,52.97999954223633
2008-08-01,-2.25,299.75,106.79000091552734
2008-08-01,-2.75,299.75,83.37999725341797
2008-08-01,-2.25,300.25,88.08000183105469
2008-08-01,-2.75,300.25,71.16999816894531
2008-08-01,-2.25,300.75,55.36000061035156
2008-08-01,-2.75,300.75,56.90999984741211
2008-09-01,-2.25,299.75,125.69000244140625
2008-09-01,-2.75,299.75,87.69999694824219
2008-09-01,-2.25,300.25,124.23999786376953
2008-09-01,-2.75,300.25,97.58000183105469
2008-09-01,-2.25,300.75,113.12000274658203
2008-09-01,-2.75,300.75,121.11000061035156
2008-10-01,-2.25,299.75,203.52000427246094
2008-10-01,-2.75,299.75,182.9199981689453
2008-10-01,-2.25,300.25,199.91000366210938
2008-10-01,-2.75,300.25,192.27000427246094
2008-10-01,-2.25,300.75,187.63999938964844
2008-10-01,-2.75,300.75,210.92999267578125
2008-11-01,-2.25,299.75,288.6099853515625
2008-11-01,-2.75,299.75,290.3800048828125
2008-11-01,-2.25,300.25,262.5400085449219
2008-11-01,-2.75,300.25,268.7799987792969
2008-11-01,-2.25,300.75,220.07000732421875
2008-11-01,-2.75,300.75,243.3300018310547
2008-12-01,-2.25,299.75,418.6300048828125
2008-12-01,-2.75,299.75,485.1400146484375
2008-12-01,-2.25,300.25,360.54998779296875
2008-12-01,-2.75,300.25,413.7699890136719
2008-12-01,-2.25,300.75,303.67999267578125
2008-12-01,-2.75,300.75,329.1700134277344
2009-01-01,-2.25,299.75,260.1700134277344
2009-01-01,-2.75,299.75,347.6499938964844
2009-01-01,-2.25,300.25,233.57000732421875
2009-01-01,-2.75,300.25,294.9800109863281
2009-01-01,-2.25,300.75,238.3300018310547
2009-01-01,-2.75,300.75,275.8399963378906
2009-02-01,-2.25,299.75,417.6600036621094
2009-02-01,-2.75,299.75,504.75
2009-02-01,-2.25,300.25,421.2799987792969
2009-02-01,-2.75,300.25,457.6300048828125
2009-02-01,-2.25,300.75,456.17999267578125
2009-02-01,-2.75,300.75,453.69000244140625
2009-03-01,-2.25,299.75,227.75999450683594
2009-03-01,-2.75,299.75,259.8399963378906
2009-03-01,-2.25,300.25,252.58999633789062
2009-03-01,-2.75,300.25,253.32000732421875
2009-03-01,-2.25,300.75,306.6300048828125
2009-03-01,-2.75,300.75,302.6300048828125
2009-04-01,-2.25,299.75,257.6000061035156
2009-04-01,-2.75,299.75,226.27000427246094
2009-04-01,-2.25,300.25,244.14999389648438
2009-04-01,-2.75,300.25,212.69000244140625
2009-04-01,-2.25,300.75,220.3800048828125
2009-04-01,-2.75,300.75,190.27999877929688
2009-05-01,-2.25,299.75,219.22000122070312
2009-05-01,-2.75,299.75,140.25
2009-05-01,-2.25,300.25,239.0500030517578
2009-05-01,-2.75,300.25,174.08999633789062
2009-05-01,-2.25,300.75,250.07000732421875
2009-05-01,-2.75,300.75,251.4499969482422
2009-06-01,-2.25,299.75,242.02000427246094
2009-06-01,-2.75,299.75,194.74000549316406
2009-06-01,-2.25,300.25,228.25
2009-06-01,-2.75,300.25,187.07000732421875
2009-06-01,-2.25,300.75,195.85000610351562
2009-06-01,-2.75,300.75,187.41000366210938
2009-07-01,-2.25,299.75,81.79000091552734
2009-07-01,-2.75,299.75,46.220001220703125
2009-07-01,-2.25,300.25,70.88999938964844
2009-07-01,-2.75,300.25,42.810001373291016
2009-07-01,-2.25,300.75,48.61000061035156
2009-07-01,-2.75,300.75,45.70000076293945
2009-08-01,-2.25,299.75,59.36000061035156
2009-08-01,-2.75,299.75,29.579999923706055
2009-08-01,-2.25,300.25,46.0099983215332
2009-08-01,-2.75,300.25,24.90999984741211
2009-08-01,-2.25,300.75,23.93000030517578
2009-08-01,-2.75,300.75,24.799999237060547
2009-09-01,-2.25,299.75,64.69999694824219
2009-09-01,-2.75,299.75,36.529998779296875
2009-09-01,-2.25,300.25,41.040000915527344
2009-09-01,-2.75,300.25,23.299999237060547
2009-09-01,-2.25,300.75,5.909999847412109
2009-09-01,-2.75,300.75,10.350000381469727
2009-10-01,-2.25,299.75,69.30999755859375
2009-10-01,-2.75,299.75,49.15999984741211
2009-10-01,-2.25,300.25,60.31999969482422
2009-10-01,-2.75,300.25,52.65999984741211
2009-10-01,-2.25,300.75,49.45000076293945
2009-10-01,-2.75,300.75,67.7300033569336
2009-11-01,-2.25,299.75,144.1999969482422
2009-11-01,-2.75,299.75,141.6999969482422
2009-11-01,-2.25,300.25,115.79000091552734
2009-11-01,-2.75,300.25,120.86000061035156
2009-11-01,-2.25,300.75,76.88999938964844
2009-11-01,-2.75,300.75,98.089996337890625
2009-12-01,-2.25,299.75,243.47000122070312
2009-12-01,-2.75,299.75,287.17999267578125
2009-12-01,-2.25,300.25,241.5399932861328
2009-12-01,-2.75,300.25,271.3800048828125
2009-12-01,-2.25,300.75,252.89999389648438
2009-12-01,-2.75,300.75,278.79998779296875
2010-01-01,-2.25,299.75,229.91000366210938
2010-01-01,-2.75,299.75,332.7300109863281
2010-01-01,-2.25,300.25,176.5
2010-01-01,-2.75,300.25,250.22999572753906
2010-01-01,-2.25,300.75,147.57000732421875
2010-01-01,-2.75,300.75,182.1300048828125
2010-02-01,-2.25,299.75,295.0299987792969
2010-02-01,-2.75,299.75,398.5400085449219
2010-02-01,-2.25,300.25,260.30999755859375
2010-02-01,-2.75,300.25,312.3500061035156
2010-02-01,-2.25,300.75,245.10000610351562
2010-02-01,-2.75,300.75,243.97000122070312
2010-03-01,-2.25,299.75,188.17999267578125
2010-03-01,-2.75,299.75,241.5
2010-03-01,-2.25,300.25,168.3300018310547
2010-03-01,-2.75,300.25,186.9499969482422
2010-03-01,-2.25,300.75,168.3800048828125
2010-03-01,-2.75,300.75,165.9199981689453
2010-04-01,-2.25,299.75,347.3800048828125
2010-04-01,-2.75,299.75,305.94000244140625
2010-04-01,-2.25,300.25,356.3399963378906
2010-04-01,-2.75,300.25,315.8399963378906
2010-04-01,-2.25,300.75,359.5299987792969
2010-04-01,-2.75,300.75,330.3399963378906
2010-05-01,-2.25,299.75,251.3699951171875
2010-05-01,-2.75,299.75,190.52999877929688
2010-05-01,-2.25,300.25,233.61000061035156
2010-05-01,-2.75,300.25,186.77999877929688
2010-05-01,-2.25,300.75,197.0800018310547
2010-05-01,-2.75,300.75,197.16000366210938
2010-06-01,-2.25,299.75,192.5500030517578
2010-06-01,-2.75,299.75,147.8800048828125
2010-06-01,-2.25,300.25,179.13999938964844
2010-06-01,-2.75,300.25,138.3699951171875
2010-06-01,-2.25,300.75,146.67999267578125
2010-06-01,-2.75,300.75,136.52000427246094
2010-07-01,-2.25,299.75,154.02999877929688
2010-07-01,-2.75,299.75,122.91000366210938
2010-07-01,-2.25,300.25,138.97999572753906
2010-07-01,-2.75,300.25,113.33000183105469
2010-07-01,-2.25,300.75,108.41999816894531
2010-07-01,-2.75,300.75,106.72000122070312
2010-08-01,-2.25,299.75,102.98999786376953
2010-08-01,-2.75,299.75,76.48999786376953
2010-08-01,-2.25,300.25,90.1500015258789
2010-08-01,-2.75,300.25,70.16999816894531
2010-08-01,-2.25,300.75,66.08000183105469
2010-08-01,-2.75,300.75,66.83000183105469
2010-09-01,-2.25,299.75,87.589996337890625
2010-09-01,-2.75,299.75,59.380001068115234
2010-09-01,-2.25,300.25,65.19000244140625
2010-09-01,-2.75,300.25,47.189998626708984
2010-09-01,-2.25,300.75,30.93000030517578
2010-09-01,-2.75,300.75,35.59000015258789
2010-10-01,-2.25,299.75,151.88999938964844
2010-10-01,-2.75,299.75,142.05999755859375
2010-10-01,-2.25,300.25,123.05000305175781
2010-10-01,-2.75,300.25,124.04000091552734
2010-10-01,-2.25,300.75,86.12999725341797
2010-10-01,-2.75,300.75,105.43000030517578
2010-11-01,-2.25,299.75,154.47000122070312
2010-11-01,-2.75,299.75,149.94000244140625
2010-11-01,-2.25,300.25,132.2100067138672
2010-11-01,-2.75,300.25,135.19000244140625
2010-11-01,-2.25,300.75,101.77999877929688
2010-11-01,-2.75,300.75,121.56999969482422
2010-12-01,-2.25,299.75,271.0400085449219
2010-12-01,-2.75,299.75,314.1700134277344
2010-12-01,-2.25,300.25,266.92999267578125
2010-12-01,-2.75,300.25,297.6000061035156
2010-12-01,-2.25,300.75,276.3999938964844
2010-12-01,-2.75,300.75,302.6400146484375
2011-01-01,-2.25,299.75,189.3699951171875
2011-01-01,-2.75,299.75,263.2200012207031
2011-01-01,-2.25,300.25,189.16000366210938
2011-01-01,-2.75,300.25,238.47000122070312
2011-01-01,-2.25,300.75,229.17999267578125
2011-01-01,-2.75,300.75,266.2699890136719
2011-02-01,-2.25,299.75,447.3800048828125
2011-02-01,-2.75,299.75,542.54998779296875
2011-02-01,-2.25,300.25,430.19000244140625
2011-02-01,-2.75,300.25,473.7799987792969
2011-02-01,-2.25,300.75,444.260009765625
2011-02-01,-2.75,300.75,439.29998779296875
2011-03-01,-2.25,299.75,328.2699890136719
2011-03-01,-2.75,299.75,359.0400085449219
2011-03-01,-2.25,300.25,359.3699951171875
2011-03-01,-2.75,300.25,359.0400085449219
2011-03-01,-2.25,300.75,416.1000061035156
2011-03-01,-2.75,300.75,417.4700012207031
2011-04-01,-2.25,299.75,542.44000244140625
2011-04-01,-2.75,299.75,515.21002197265625
2011-04-01,-2.25,300.25,538.25
2011-04-01,-2.75,300.25,506.69000244140625
2011-04-01,-2.25,300.75,515.15997314453125
2011-04-01,-2.75,300.75,489.1199951171875
2011-05-01,-2.25,299.75,325.1400146484375
2011-05-01,-2.75,299.75,245.3800048828125
2011-05-01,-2.25,300.25,344.55999755859375
2011-05-01,-2.75,300.25,280.55999755859375
2011-05-01,-2.25,300.75,351.2799987792969
2011-05-01,-2.75,300.75,354.5
2011-06-01,-2.25,299.75,194.52999877929688
2011-06-01,-2.75,299.75,150.25999450683594
2011-06-01,-2.25,300.25,177.02000427246094
2011-06-01,-2.75,300.25,137.38999938964844
2011-06-01,-2.25,300.75,140.69000244140625
2011-06-01,-2.75,300.75,130.52999877929688
2011-07-01,-2.25,299.75,78.38999938964844
2011-07-01,-2.75,299.75,40.7400016784668
2011-07-01,-2.25,300.25,71.38999938964844
2011-07-01,-2.75,300.25,41.66999816894531
2011-07-01,-2.25,300.75,52.84000015258789
2011-07-01,-2.75,300.75,51.11000061035156
2011-08-01,-2.25,299.75,121.20999908447266
2011-08-01,-2.75,299.75,87.41999816894531
2011-08-01,-2.25,300.25,124.05999755859375
2011-08-01,-2.75,300.25,98.12999725341797
2011-08-01,-2.25,300.75,116.95999908447266
2011-08-01,-2.75,300.75,119.48999786376953
2011-09-01,-2.25,299.75,103.54000091552734
2011-09-01,-2.75,299.75,73.9800033569336
2011-09-01,-2.25,300.25,82.48999786376953
2011-09-01,-2.75,300.25,63.93000030517578
2011-09-01,-2.25,300.75,49.630001068115234
2011-09-01,-2.75,300.75,54.90999984741211
2011-10-01,-2.25,299.75,256.989990234375
2011-10-01,-2.75,299.75,243.33999633789062
2011-10-01,-2.25,300.25,242.91000366210938
2011-10-01,-2.75,300.25,239.02999877929688
2011-10-01,-2.25,300.75,219.02999877929688
2011-10-01,-2.75,300.75,240.33999633789062
2011-11-01,-2.25,299.75,278.4800109863281
2011-11-01,-2.75,299.75,282.9800109863281
2011-11-01,-2.25,300.25,246.2100067138672
2011-11-01,-2.75,300.25,254.8000030517578
2011-11-01,-2.25,300.75,196.1300048828125
2011-11-01,-2.75,300.75,219.27999877929688
2011-12-01,-2.25,299.75,174.32000732421875
2011-12-01,-2.75,299.75,221.27999877929688
2011-12-01,-2.25,300.25,159.8000030517578
2011-12-01,-2.75,300.25,193.0500030517578
2011-12-01,-2.25,300.75,163.41000366210938
2011-12-01,-2.75,300.75,183.5500030517578
2012-01-01,-2.25,299.75,311.7799987792969
2012-01-01,-2.75,299.75,403.55999755859375
2012-01-01,-2.25,300.25,274.3699951171875
2012-01-01,-2.75,300.25,339.4200134277344
2012-01-01,-2.25,300.75,270.4200134277344
2012-01-01,-2.75,300.75,305.0400085449219
2012-02-01,-2.25,299.75,226.9499969482422
2012-02-01,-2.75,299.75,306.1499938964844
2012-02-01,-2.25,300.25,234.44000244140625
2012-02-01,-2.75,300.25,266.7099914550781
2012-02-01,-2.25,300.75,284.2300109863281
2012-02-01,-2.75,300.75,276.510009765625
2012-03-01,-2.25,299.75,244.22000122070312
2012-03-01,-2.75,299.75,271.19000244140625
2012-03-01,-2.25,300.25,277.489990234375
2012-03-01,-2.75,300.25,272.9100036621094
2012-03-01,-2.25,300.75,340.8399963378906
2012-03-01,-2.75,300.75,341.5299987792969
2012-04-01,-2.25,299.75,192.36000061035156
2012-04-01,-2.75,299.75,138.7100067138672
2012-04-01,-2.25,300.25,220.58999633789062
2012-04-01,-2.75,300.25,170.3800048828125
2012-04-01,-2.25,300.75,245.13999938964844
2012-04-01,-2.75,300.75,221.22000122070312
2012-05-01,-2.25,299.75,182.83999633789062
2012-05-01,-2.75,299.75,111.68000030517578
2012-05-01,-2.25,300.25,179.17999267578125
2012-05-01,-2.75,300.25,124.91999816894531
2012-05-01,-2.25,300.75,164.27999877929688
2012-05-01,-2.75,300.75,163.1699981689453
2012-06-01,-2.25,299.75,145.6300048828125
2012-06-01,-2.75,299.75,100.45999908447266
2012-06-01,-2.25,300.25,123.5
2012-06-01,-2.75,300.25,83.93000030517578
2012-06-01,-2.25,300.75,86.61000061035156
2012-06-01,-2.75,300.75,74.220001220703125
2012-07-01,-2.25,299.75,146.5800018310547
2012-07-01,-2.75,299.75,104.12999725341797
2012-07-01,-2.25,300.25,150.19000244140625
2012-07-01,-2.75,300.25,115.73999786376953
2012-07-01,-2.25,300.75,145.5500030517578
2012-07-01,-2.75,300.75,143.58999633789062
2012-08-01,-2.25,299.75,82.55999755859375
2012-08-01,-2.75,299.75,51.540000915527344
2012-08-01,-2.25,300.25,77.19999694824219
2012-08-01,-2.75,300.25,53.959999084472656
2012-08-01,-2.25,300.75,63.63999938964844
2012-08-01,-2.75,300.75,63.869998931884766
2012-09-01,-2.25,299.75,147.2899932861328
2012-09-01,-2.75,299.75,122.83000183105469
2012-09-01,-2.25,300.25,117.1500015258789
2012-09-01,-2.75,300.25,102.5
2012-09-01,-2.25,300.75,72.55000305175781
2012-09-01,-2.75,300.75,77.83000183105469
2012-10-01,-2.25,299.75,59.06999969482422
2012-10-01,-2.75,299.75,41.380001068115234
2012-10-01,-2.25,300.25,43.720001220703125
2012-10-01,-2.75,300.25,38.40999984741211
2012-10-01,-2.25,300.75,25.329999923706055
2012-10-01,-2.75,300.75,43.33000183105469
2012-11-01,-2.25,299.75,290.0899963378906
2012-11-01,-2.75,299.75,294.5199890136719
2012-11-01,-2.25,300.25,256.20001220703125
2012-11-01,-2.75,300.25,265.3999938964844
2012-11-01,-2.25,300.75,203.77000427246094
2012-11-01,-2.75,300.75,227.55999755859375
2012-12-01,-2.25,299.75,253.13999938964844
2012-12-01,-2.75,299.75,293.6400146484375
2012-12-01,-2.25,300.25,249.9199981689453
2012-12-01,-2.75,300.25,277.1199951171875
2012-12-01,-2.25,300.75,265.8500061035156
2012-12-01,-2.75,300.75,289.7200012207031
2013-01-01,-2.25,299.75,246.6199951171875
2013-01-01,-2.75,299.75,334.05999755859375
2013-01-01,-2.25,300.25,227.9499969482422
2013-01-01,-2.75,300.25,285.94000244140625
2013-01-01,-2.25,300.75,252.02999877929688
2013-01-01,-2.75,300.75,278
2013-02-01,-2.25,299.75,287.1600036621094
2013-02-01,-2.75,299.75,364.29998779296875
2013-02-01,-2.25,300.25,298.9200134277344
2013-02-01,-2.75,300.25,330.989990234375
2013-02-01,-2.25,300.75,345.3599853515625
2013-02-01,-2.75,300.75,346.989990234375
